pmcid,file_path,title_lenght,title,journal,pub_year,word_count,sentence_count,label_q1,label_q2,checking_website,legit_coloncancer_article,note,sg_query,th_query
PMC11042192,C:\Users\miked\Desktop2\RIT Info Retriv and Text Mining\project\data\PMC11042192.xml,99,Metastasis of colon cancer requires Dickkopf-2 to generate cancer cells with Paneth cell properties,bioRxiv,2024,4032,229,0,0,https://www.ncbi.nlm.nih.gov/pmc/articles/PMC11042192/,1,,0,0
PMC11361113,C:\Users\miked\Desktop2\RIT Info Retriv and Text Mining\project\data\PMC11361113.xml,218,"OTU deubiquitinase, ubiquitin aldehyde binding 2  (OTUB2) modulates the stemness feature, chemoresistance, and epithelial-mesenchymal transition of colon cancer via regulating GINS complex subunit 1 (GINS1) expression",Cell Communication and Signaling : CCS,2024,10996,526,0,0,https://www.ncbi.nlm.nih.gov/pmc/articles/PMC11361113/,1,,0,0
PMC11361649,C:\Users\miked\Desktop2\RIT Info Retriv and Text Mining\project\data\PMC11361649.xml,192,"Differential expression and regulation of ADAD1, DMRTC2, PRSS54, SYCE1, SYCP1, TEX101, TEX48, and TMPRSS12 gene profiles in colon cancer tissues and their in vitro response to epigenetic drugs",PLOS ONE,2024,7027,267,0,0,https://www.ncbi.nlm.nih.gov/pmc/articles/PMC11361649/,1,,0,0
PMC11370012,C:\Users\miked\Desktop2\RIT Info Retriv and Text Mining\project\data\PMC11370012.xml,214,A log odds of positive lymph nodes-based predictive model effectively forecasts prognosis and guides postoperative adjuvant chemotherapy duration in stage III colon cancer: a multi-center retrospective cohort study,BMC Cancer,2024,3778,147,0,0,https://www.ncbi.nlm.nih.gov/pmc/articles/PMC11370012/,1,,0,0
PMC11371203,C:\Users\miked\Desktop2\RIT Info Retriv and Text Mining\project\data\PMC11371203.xml,135,Deep neural networks integrating genomics and histopathological images for predicting stages and survival time-to-event in colon cancer,PLOS ONE,2024,4632,176,0,0,https://www.ncbi.nlm.nih.gov/pmc/articles/PMC11371203/,1,,0,0
PMC11372073,C:\Users\miked\Desktop2\RIT Info Retriv and Text Mining\project\data\PMC11372073.xml,114,Exploiting histopathological imaging for early detection of lung and colon cancer via ensemble deep learning model,Scientific Reports,2024,8057,306,0,0,https://www.ncbi.nlm.nih.gov/pmc/articles/PMC11372073/,1,,0,0
PMC11375873,C:\Users\miked\Desktop2\RIT Info Retriv and Text Mining\project\data\PMC11375873.xml,193,Robotic purse-string suture technique for intracorporeal anastomosis using double-stapling technique in robotic resection of rectal and sigmoid colon cancer: a propensity score-matched analysis,BMC Surgery,2024,2765,110,0,0,https://www.ncbi.nlm.nih.gov/pmc/articles/PMC11375873/,1,,0,1
PMC11377494,C:\Users\miked\Desktop2\RIT Info Retriv and Text Mining\project\data\PMC11377494.xml,134,RETRACTED ARTICLE: NR3C2 affects the proliferation and invasiveness of colon cancer cells through the Wnt/β-Catenin signaling pathway,Journal of Cancer Research and Clinical Oncology,2024,4472,274,0,0,https://www.ncbi.nlm.nih.gov/pmc/articles/PMC11377494/,0,retraction,0,0
PMC11377996,C:\Users\miked\Desktop2\RIT Info Retriv and Text Mining\project\data\PMC11377996.xml,107,Anti-TNFR2 Antibody-Conjugated PLGA Nanoparticles for Targeted Delivery of Adriamycin in Mouse Colon Cancer,Research,2024,7502,390,0,0,https://www.ncbi.nlm.nih.gov/pmc/articles/PMC11377996/,1,,0,0
PMC11390591,C:\Users\miked\Desktop2\RIT Info Retriv and Text Mining\project\data\PMC11390591.xml,148,Exploration of the ubiquitination-related molecular classification and signature to predict the survival and immune microenvironment in colon cancer,Frontiers in Genetics,2024,6059,274,0,0,https://www.ncbi.nlm.nih.gov/pmc/articles/PMC11390591/,1,,0,0
PMC11391230,C:\Users\miked\Desktop2\RIT Info Retriv and Text Mining\project\data\PMC11391230.xml,105,The Relationship Between DNA Mismatch Repair Status and Clinicopathologic Characteristics in Colon Cancer,The Turkish Journal of Gastroenterology,2024,2789,108,0,0,https://www.ncbi.nlm.nih.gov/pmc/articles/PMC11391230/,1,,0,0
PMC11391487,C:\Users\miked\Desktop2\RIT Info Retriv and Text Mining\project\data\PMC11391487.xml,112,Multi-omics analysis reveals the landscape of tumor microenvironments in left-sided and right-sided colon cancer,Frontiers in Medicine,2024,5144,243,0,0,https://www.ncbi.nlm.nih.gov/pmc/articles/PMC11391487/,1,,0,0
PMC11393569,C:\Users\miked\Desktop2\RIT Info Retriv and Text Mining\project\data\PMC11393569.xml,113,A case of acute lithium poisoning and hypermagnesemia involving advanced colon cancer-induced colonic obstruction,Oxford Medical Case Reports,2024,1221,69,0,0,https://www.ncbi.nlm.nih.gov/pmc/articles/PMC11393569/,1,,0,0
PMC11393973,C:\Users\miked\Desktop2\RIT Info Retriv and Text Mining\project\data\PMC11393973.xml,150,Retrocolic Fascia—An Anatomical and Multidetector Computed Tomographic Angiography (MDCTA) Morphometric Analysis in Patients with Right Colon Cancer,Diagnostics,2024,3646,169,0,0,https://www.ncbi.nlm.nih.gov/pmc/articles/PMC11393973/,1,,0,0
PMC11397642,C:\Users\miked\Desktop2\RIT Info Retriv and Text Mining\project\data\PMC11397642.xml,154,"Dentatacid A: An Unprecedented 2, 3-Seco-arbor-2, 3-dioic Triterpenoid from the Invasive Plant Euphorbia dentata, with Cytotoxicity Effect on Colon Cancer",Plants,2024,4317,197,0,0,https://www.ncbi.nlm.nih.gov/pmc/articles/PMC11397642/,1,,0,0
PMC11399872,C:\Users\miked\Desktop2\RIT Info Retriv and Text Mining\project\data\PMC11399872.xml,92,Transverse colon cancer: a call for focused research in an understudied heterogenous disease,Journal of Gastrointestinal Oncology,2024,2605,78,0,0,https://www.ncbi.nlm.nih.gov/pmc/articles/PMC11399872/,1,,0,0
PMC11407886,C:\Users\miked\Desktop2\RIT Info Retriv and Text Mining\project\data\PMC11407886.xml,129,Manilkara zapota (L.) P. Royen Leaf Mitigates Colitis-Associated Colon Cancer through Anti-inflammatory Modulation in BALB/C Mice,Advances in Pharmacological and Pharmaceutical Sciences,2024,4728,234,0,0,https://www.ncbi.nlm.nih.gov/pmc/articles/PMC11407886/,1,,1,0
PMC11408065,C:\Users\miked\Desktop2\RIT Info Retriv and Text Mining\project\data\PMC11408065.xml,113,Risk of bowel obstruction in patients with colon cancer responding to immunotherapy: an international case series,ESMO Open,2024,2727,91,0,0,https://www.ncbi.nlm.nih.gov/pmc/articles/PMC11408065/,1,,0,0
PMC11416042,C:\Users\miked\Desktop2\RIT Info Retriv and Text Mining\project\data\PMC11416042.xml,90,Retracted: LOC101060264 Silencing Suppresses Invasion and Metastasis of Human Colon Cancer,Medical Science Monitor : International Medical Journal of Experimental and Clinical Research,2024,39,1,0,0,https://www.ncbi.nlm.nih.gov/pmc/articles/PMC11416042/,0,retraction,0,0
PMC11417107,C:\Users\miked\Desktop2\RIT Info Retriv and Text Mining\project\data\PMC11417107.xml,102,Single-cell exome sequencing reveals polyclonal seeding and TRPS1 mutations in colon cancer metastasis,Signal Transduction and Targeted Therapy,2024,9960,483,0,0,https://www.ncbi.nlm.nih.gov/pmc/articles/PMC11417107/,1,,0,0
PMC11420861,C:\Users\miked\Desktop2\RIT Info Retriv and Text Mining\project\data\PMC11420861.xml,118,"Precision Treatment
of Colon Cancer Using Doxorubicin-Loaded
Metal–Organic-Framework-Coated Magnetic Nanoparticles",ACS Applied Materials & Interfaces,2024,4876,224,0,0,https://www.ncbi.nlm.nih.gov/pmc/articles/PMC11420861/,1,,0,0
PMC11428399,C:\Users\miked\Desktop2\RIT Info Retriv and Text Mining\project\data\PMC11428399.xml,90,Characterization of Extractable and Non-Extractable Phenols and Betalains in Berrycactus (,Antioxidants,2024,6054,252,0,0,https://www.ncbi.nlm.nih.gov/pmc/articles/PMC11428399/,1,,1,0
PMC11431989,C:\Users\miked\Desktop2\RIT Info Retriv and Text Mining\project\data\PMC11431989.xml,172,Exposure of Colon-Derived Epithelial Monolayers to Fecal Luminal Factors from Patients with Colon Cancer and Ulcerative Colitis Results in Distinct Gene Expression Patterns,International Journal of Molecular Sciences,2024,3534,151,0,0,https://www.ncbi.nlm.nih.gov/pmc/articles/PMC11431989/,1,,1,0
PMC11434803,C:\Users\miked\Desktop2\RIT Info Retriv and Text Mining\project\data\PMC11434803.xml,104,Synergistic Enhancement of 5-Fluorouracil Chemotherapeutic Efficacy by Taurine in Colon Cancer Rat Model,Nutrients,2024,5659,251,0,0,https://www.ncbi.nlm.nih.gov/pmc/articles/PMC11434803/,1,,0,0
PMC11436827,C:\Users\miked\Desktop2\RIT Info Retriv and Text Mining\project\data\PMC11436827.xml,73,Revisiting the survival paradox between stage IIB/C and IIIA colon cancer,Scientific Reports,2024,3705,150,0,0,https://www.ncbi.nlm.nih.gov/pmc/articles/PMC11436827/,1,,0,0
PMC11437868,C:\Users\miked\Desktop2\RIT Info Retriv and Text Mining\project\data\PMC11437868.xml,131,High expression of PAX8-AS1 correlates with poor prognosis and response to fluorouracil-based chemotherapy in stage II colon cancer,Translational Oncology,2024,5374,241,0,0,https://www.ncbi.nlm.nih.gov/pmc/articles/PMC11437868/,1,,0,0
PMC11437914,C:\Users\miked\Desktop2\RIT Info Retriv and Text Mining\project\data\PMC11437914.xml,133,Post-surgery sequelae unrelated to disease progression and chemotherapy revealed in follow-up of patients with stage III colon cancer,eBioMedicine,2024,10836,369,0,0,https://www.ncbi.nlm.nih.gov/pmc/articles/PMC11437914/,1,,0,0
PMC11437918,C:\Users\miked\Desktop2\RIT Info Retriv and Text Mining\project\data\PMC11437918.xml,119,Rod-shaped mesoporous silica nanoparticles reduce bufalin cardiotoxicity and inhibit colon cancer by blocking lipophagy,Lipids in Health and Disease,2024,4357,255,0,0,https://www.ncbi.nlm.nih.gov/pmc/articles/PMC11437918/,1,,0,0
PMC11438057,C:\Users\miked\Desktop2\RIT Info Retriv and Text Mining\project\data\PMC11438057.xml,125,Gut microbiota drives colon cancer risk associated with diet: a comparative analysis of meat-based and pesco-vegetarian diets,Microbiome,2024,14291,696,0,0,https://www.ncbi.nlm.nih.gov/pmc/articles/PMC11438057/,1,,1,0
PMC11438628,C:\Users\miked\Desktop2\RIT Info Retriv and Text Mining\project\data\PMC11438628.xml,116,Pan-immune-inflammation value as a prognostic biomarker for colon cancer and its variation by primary tumor location,World Journal of Gastroenterology,2024,4250,146,0,0,https://www.ncbi.nlm.nih.gov/pmc/articles/PMC11438628/,1,,0,0
PMC11438813,C:\Users\miked\Desktop2\RIT Info Retriv and Text Mining\project\data\PMC11438813.xml,110,Impact of dexmedetomidine-assisted anesthesia in elderly patients undergoing radical resection of colon cancer,World Journal of Gastrointestinal Surgery,2024,3677,107,0,0,https://www.ncbi.nlm.nih.gov/pmc/articles/PMC11438813/,1,,0,0
PMC11439173,C:\Users\miked\Desktop2\RIT Info Retriv and Text Mining\project\data\PMC11439173.xml,122,Cystathionine-?-synthase expression correlates with tumour progression and adverse prognosis in patients with colon cancer,The Journal of International Medical Research,2024,2950,113,0,0,https://www.ncbi.nlm.nih.gov/pmc/articles/PMC11439173/,1,,0,0
PMC11439623,C:\Users\miked\Desktop2\RIT Info Retriv and Text Mining\project\data\PMC11439623.xml,177,Clinical significance of the modified Naples prognostic score in patients with stage II-III colon cancer undergoing curative resection: a retrospective study from the real world,Frontiers in Oncology,2024,4531,173,0,0,https://www.ncbi.nlm.nih.gov/pmc/articles/PMC11439623/,1,,0,0
PMC11443174,C:\Users\miked\Desktop2\RIT Info Retriv and Text Mining\project\data\PMC11443174.xml,119,Prognostic cellular senescence-related lncRNAs patterns to predict clinical outcome and immune response in colon cancer,Frontiers in Immunology,2024,4356,216,0,0,https://www.ncbi.nlm.nih.gov/pmc/articles/PMC11443174/,1,,0,0
PMC11443797,C:\Users\miked\Desktop2\RIT Info Retriv and Text Mining\project\data\PMC11443797.xml,113,Machine learning model predicting factors for incisional infection following right hemicolectomy for colon cancer,BMC Surgery,2024,3455,159,0,0,https://www.ncbi.nlm.nih.gov/pmc/articles/PMC11443797/,1,,0,0
PMC11447342,C:\Users\miked\Desktop2\RIT Info Retriv and Text Mining\project\data\PMC11447342.xml,210,"Neoadjuvant chemoradiotherapy versus neoadjuvant chemotherapy for initially unresectable locally advanced colon cancer: short-term outcomes of an open-label, single-centre, randomised, controlled, phase 3 trial",eClinicalMedicine,2024,4408,175,0,0,https://www.ncbi.nlm.nih.gov/pmc/articles/PMC11447342/,1,,0,0
PMC11450016,C:\Users\miked\Desktop2\RIT Info Retriv and Text Mining\project\data\PMC11450016.xml,139,Inflammatory bowel disease uncovered in fecal immunochemical test positive patients in a Canadian provincial colon cancer screening program,Scientific Reports,2024,3576,161,0,0,https://www.ncbi.nlm.nih.gov/pmc/articles/PMC11450016/,1,,0,0
PMC11453003,C:\Users\miked\Desktop2\RIT Info Retriv and Text Mining\project\data\PMC11453003.xml,110,A radiomics model for predicting perineural invasion in stage II-III colon cancer based on computer tomography,BMC Cancer,2024,3671,139,0,0,https://www.ncbi.nlm.nih.gov/pmc/articles/PMC11453003/,1,,0,0
PMC11457321,C:\Users\miked\Desktop2\RIT Info Retriv and Text Mining\project\data\PMC11457321.xml,147,Prospective observational non-randomized trial protocol for surgical planner 3D image processing & reconstruction for locally advanced colon cancer,BMC Surgery,2024,2980,117,0,0,https://www.ncbi.nlm.nih.gov/pmc/articles/PMC11457321/,1,,0,0
PMC11461724,C:\Users\miked\Desktop2\RIT Info Retriv and Text Mining\project\data\PMC11461724.xml,229,RAS mutant transverse colon cancer with multiple liver metastases achieving long-term disease-free survival with postoperative maintenance therapy with aflibercept + FOLFIRI and four repeated radical resections: a case report,Surgical Case Reports,2024,2271,135,0,0,https://www.ncbi.nlm.nih.gov/pmc/articles/PMC11461724/,1,,0,0
PMC11463715,C:\Users\miked\Desktop2\RIT Info Retriv and Text Mining\project\data\PMC11463715.xml,101,Anesthetic Challenges of a Patient With Limb-Girdle Muscular Dystrophy in a Patient With Colon Cancer,Cureus,2024,1084,53,0,0,https://www.ncbi.nlm.nih.gov/pmc/articles/PMC11463715/,1,,0,0
PMC11464972,C:\Users\miked\Desktop2\RIT Info Retriv and Text Mining\project\data\PMC11464972.xml,135,Development and validation of a prognostic model for colon cancer based on mitotic gene signatures and immune microenvironment analysis,Discover Oncology,2024,4586,231,0,0,https://www.ncbi.nlm.nih.gov/pmc/articles/PMC11464972/,1,,0,0
PMC11466454,C:\Users\miked\Desktop2\RIT Info Retriv and Text Mining\project\data\PMC11466454.xml,126,Resting natural killer cells promote the progress of colon cancer liver metastasis by elevating tumor-derived stem cell factor,eLife,2024,7688,339,0,0,https://www.ncbi.nlm.nih.gov/pmc/articles/PMC11466454/,1,,0,0
PMC11467195,C:\Users\miked\Desktop2\RIT Info Retriv and Text Mining\project\data\PMC11467195.xml,154,Improved antitumor effectiveness of oncolytic HSV-1 viruses engineered with IL-15/IL-15Rα complex combined with oncolytic HSV-1-aPD1 targets colon cancer,Scientific Reports,2024,4458,214,0,0,https://www.ncbi.nlm.nih.gov/pmc/articles/PMC11467195/,1,,0,0
PMC11467758,C:\Users\miked\Desktop2\RIT Info Retriv and Text Mining\project\data\PMC11467758.xml,107,Kaempferol Synergistically Enhances Cisplatin-induced Apoptosis and Cell Cycle Arrest in Colon Cancer Cells,Journal of Cancer Prevention,2024,4650,243,0,0,https://www.ncbi.nlm.nih.gov/pmc/articles/PMC11467758/,1,,0,0
PMC11475688,C:\Users\miked\Desktop2\RIT Info Retriv and Text Mining\project\data\PMC11475688.xml,158,Accurate Co-Localization of Luciferase Expression and Fluorescent Anti-CEA Antibody Targeting of Liver Metastases in an Orthotopic Mouse Model of Colon Cancer,Cancers,2024,2642,133,0,0,https://www.ncbi.nlm.nih.gov/pmc/articles/PMC11475688/,1,,0,0
PMC11476312,C:\Users\miked\Desktop2\RIT Info Retriv and Text Mining\project\data\PMC11476312.xml,141,Genotoxic and Anti-Migratory Effects of Camptothecin Combined with Celastrol or Resveratrol in Metastatic and Stem-like Cells of Colon Cancer,Cancers,2024,6832,326,0,0,https://www.ncbi.nlm.nih.gov/pmc/articles/PMC11476312/,1,,0,0
PMC11476934,C:\Users\miked\Desktop2\RIT Info Retriv and Text Mining\project\data\PMC11476934.xml,107,Novel Oncogenic Value of C10orf90 in Colon Cancer Identified as a Clinical Diagnostic and Prognostic Marker,International Journal of Molecular Sciences,2024,5878,259,0,0,https://www.ncbi.nlm.nih.gov/pmc/articles/PMC11476934/,1,,0,0
PMC11476935,C:\Users\miked\Desktop2\RIT Info Retriv and Text Mining\project\data\PMC11476935.xml,102,Survival prediction in sigmoid colon cancer patients with liver metastasis: a prospective cohort study,JNCI Cancer Spectrum,2024,4112,165,0,0,https://www.ncbi.nlm.nih.gov/pmc/articles/PMC11476935/,1,,0,0
PMC11479648,C:\Users\miked\Desktop2\RIT Info Retriv and Text Mining\project\data\PMC11479648.xml,157,The co-expression of Crohn’s disease and colon cancer network was analyzed by bioinformatics-CXCL1 tumour microenvironment and prognosis-related gene CXCL1,Discover Oncology,2024,3333,211,0,0,https://www.ncbi.nlm.nih.gov/pmc/articles/PMC11479648/,1,,0,0
PMC11480251,C:\Users\miked\Desktop2\RIT Info Retriv and Text Mining\project\data\PMC11480251.xml,113,Non-pathogenic Trojan horse Nissle1917 triggers mitophagy through PINK1/Parkin pathway to discourage colon cancer,Materials Today Bio,2024,9927,518,0,0,https://www.ncbi.nlm.nih.gov/pmc/articles/PMC11480251/,1,,1,0
PMC11485730,C:\Users\miked\Desktop2\RIT Info Retriv and Text Mining\project\data\PMC11485730.xml,109,Low-pressure self-expandable metal stent insertion for obstructive colon cancer using water and gel immersion,Endoscopy,2024,512,47,0,0,https://www.ncbi.nlm.nih.gov/pmc/articles/PMC11485730/,1,,0,0
PMC11486642,C:\Users\miked\Desktop2\RIT Info Retriv and Text Mining\project\data\PMC11486642.xml,115,A watch-and-wait approach for metachronous multiple colon cancer following neoadjuvant immunotherapy: a case report,Frontiers in Immunology,2024,3384,178,0,0,https://www.ncbi.nlm.nih.gov/pmc/articles/PMC11486642/,1,,0,0
PMC11490504,C:\Users\miked\Desktop2\RIT Info Retriv and Text Mining\project\data\PMC11490504.xml,116,O-GlcNAcylation inhibition redirects the response of colon cancer cells to chemotherapy from senescence to apoptosis,Cell Death & Disease,2024,7003,337,0,0,https://www.ncbi.nlm.nih.gov/pmc/articles/PMC11490504/,1,,0,0
PMC11493006,C:\Users\miked\Desktop2\RIT Info Retriv and Text Mining\project\data\PMC11493006.xml,122,A novel m7G-related miRNA prognostic signature for predicting clinical outcome and immune microenvironment in colon cancer,Journal of Cancer,2024,5216,228,0,0,https://www.ncbi.nlm.nih.gov/pmc/articles/PMC11493006/,1,,0,0
PMC11495315,C:\Users\miked\Desktop2\RIT Info Retriv and Text Mining\project\data\PMC11495315.xml,114,The Great Mimicker Unmasked: A Case Report of Cardiac Sarcoidosis Hidden by Myocardial Infarction and Colon Cancer,Journal of Cardiovascular Echography,2024,1791,78,0,0,https://www.ncbi.nlm.nih.gov/pmc/articles/PMC11495315/,1,,0,0
PMC11496807,C:\Users\miked\Desktop2\RIT Info Retriv and Text Mining\project\data\PMC11496807.xml,89,Oral reovirus reshapes the gut microbiome and enhances antitumor immunity in colon cancer,Nature Communications,2024,8061,452,0,0,https://www.ncbi.nlm.nih.gov/pmc/articles/PMC11496807/,1,,1,0
PMC11497205,C:\Users\miked\Desktop2\RIT Info Retriv and Text Mining\project\data\PMC11497205.xml,114,"Gold(I) Complexes
Based on Nonsteroidal Anti-Inflammatory
Derivatives as Multi-Target Drugs against Colon Cancer",Inorganic Chemistry,2024,9302,319,0,0,https://www.ncbi.nlm.nih.gov/pmc/articles/PMC11497205/,1,,0,0
PMC11499122,C:\Users\miked\Desktop2\RIT Info Retriv and Text Mining\project\data\PMC11499122.xml,116,Pre-vaccination transcriptomic profiles of immune responders to the MUC1 peptide vaccine for colon cancer prevention,Frontiers in Immunology,2024,5123,203,0,0,https://www.ncbi.nlm.nih.gov/pmc/articles/PMC11499122/,1,,0,0
PMC11505083,C:\Users\miked\Desktop2\RIT Info Retriv and Text Mining\project\data\PMC11505083.xml,145,Identification of Anomalies in Lung and Colon Cancer Using Computer Vision-Based Swin Transformer with Ensemble Model on Histopathological Images,Bioengineering,2024,5408,290,0,0,https://www.ncbi.nlm.nih.gov/pmc/articles/PMC11505083/,1,,0,0
PMC11505339,C:\Users\miked\Desktop2\RIT Info Retriv and Text Mining\project\data\PMC11505339.xml,96,Secure and Transparent Lung and Colon Cancer Classification Using Blockchain and Microsoft Azure,Advances in Respiratory Medicine,2024,7239,335,0,0,https://www.ncbi.nlm.nih.gov/pmc/articles/PMC11505339/,1,,0,0
PMC11505676,C:\Users\miked\Desktop2\RIT Info Retriv and Text Mining\project\data\PMC11505676.xml,129,Effect of Fluorescence Lymph Node Mapping on Improving Diagnostic Values of CT D3 Lymph Node Staging for Right-Sided Colon Cancer,Cancers,2024,3936,186,0,0,https://www.ncbi.nlm.nih.gov/pmc/articles/PMC11505676/,1,,0,0
PMC11505920,C:\Users\miked\Desktop2\RIT Info Retriv and Text Mining\project\data\PMC11505920.xml,95,Overcoming Irinotecan Resistance by Targeting Its Downstream Signaling Pathways in Colon Cancer,Cancers,2024,4930,235,0,0,https://www.ncbi.nlm.nih.gov/pmc/articles/PMC11505920/,1,,0,0
PMC11506260,C:\Users\miked\Desktop2\RIT Info Retriv and Text Mining\project\data\PMC11506260.xml,122,Advanced Deep Learning Fusion Model for Early Multi-Classification of Lung and Colon Cancer Using Histopathological Images,Diagnostics,2024,9526,479,0,0,https://www.ncbi.nlm.nih.gov/pmc/articles/PMC11506260/,1,,0,0
PMC11506681,C:\Users\miked\Desktop2\RIT Info Retriv and Text Mining\project\data\PMC11506681.xml,111,Robotic surgery versus conventional laparoscopy in colon cancer patients: a systematic review and meta-analysis,Acta Cirúrgica Brasileira,2024,2678,135,0,0,https://www.ncbi.nlm.nih.gov/pmc/articles/PMC11506681/,1,,0,1
PMC11513413,C:\Users\miked\Desktop2\RIT Info Retriv and Text Mining\project\data\PMC11513413.xml,99,Descending Colon Cancer Resection Using the da Vinci SP with an Access Port kit: World's First Case,"Journal of the Anus, Rectum and Colon",2024,2236,120,0,0,https://www.ncbi.nlm.nih.gov/pmc/articles/PMC11513413/,1,,0,1
PMC11513429,C:\Users\miked\Desktop2\RIT Info Retriv and Text Mining\project\data\PMC11513429.xml,90,A Study on Lymph Node Distribution in the Main Lymph Node Area for Left-sided Colon Cancer,"Journal of the Anus, Rectum and Colon",2024,2914,150,0,0,https://www.ncbi.nlm.nih.gov/pmc/articles/PMC11513429/,1,,0,0
PMC11514506,C:\Users\miked\Desktop2\RIT Info Retriv and Text Mining\project\data\PMC11514506.xml,122,Perioperative management of postoperative sigmoid colon cancer complicated by a large abdominal wall defect: A case report,World Journal of Clinical Oncology,2024,3858,169,0,0,https://www.ncbi.nlm.nih.gov/pmc/articles/PMC11514506/,1,,0,0
PMC11514666,C:\Users\miked\Desktop2\RIT Info Retriv and Text Mining\project\data\PMC11514666.xml,144,Constructing a nomogram to predict overall survival of colon cancer based on computed tomography characteristics and clinicopathological factors,World Journal of Gastrointestinal Oncology,2024,3806,154,0,0,https://www.ncbi.nlm.nih.gov/pmc/articles/PMC11514666/,1,,0,0
PMC11515452,C:\Users\miked\Desktop2\RIT Info Retriv and Text Mining\project\data\PMC11515452.xml,116,Robotic right colectomy versus laparoscopic right colectomy in patients with right colon cancer: a comparative study,BMC Surgery,2024,2290,98,0,0,https://www.ncbi.nlm.nih.gov/pmc/articles/PMC11515452/,1,,0,1
PMC11518354,C:\Users\miked\Desktop2\RIT Info Retriv and Text Mining\project\data\PMC11518354.xml,96,Antimetastatic effect of nanodiamond-conjugated quercetin against colon cancer: an in vivo study,Turkish Journal of Biology,2024,4290,210,0,0,https://www.ncbi.nlm.nih.gov/pmc/articles/PMC11518354/,0,not relevent,0,0
PMC11519258,C:\Users\miked\Desktop2\RIT Info Retriv and Text Mining\project\data\PMC11519258.xml,135,"Solute carrier family 4 member 4 (SLC4A4) is associated with cell proliferation, migration and immune cell infiltration in colon cancer",Discover Oncology,2024,7039,337,0,0,https://www.ncbi.nlm.nih.gov/pmc/articles/PMC11519258/,1,,0,0
PMC11524431,C:\Users\miked\Desktop2\RIT Info Retriv and Text Mining\project\data\PMC11524431.xml,107,Open Versus Laparoscopic Oncological Resections for Colon Cancer: An Experience at an Average-Volume Center,Cureus,2024,2161,100,0,0,https://www.ncbi.nlm.nih.gov/pmc/articles/PMC11524431/,1,,0,0
PMC11525054,C:\Users\miked\Desktop2\RIT Info Retriv and Text Mining\project\data\PMC11525054.xml,97,Retraction: Mir-124 attenuates STAT3-mediated TH17 differentiation in colitis-driven colon cancer,Frontiers in Oncology,2024,92,7,0,0,https://www.ncbi.nlm.nih.gov/pmc/articles/PMC11525054/,0,retraction,0,0
PMC11526153,C:\Users\miked\Desktop2\RIT Info Retriv and Text Mining\project\data\PMC11526153.xml,105,Advancements and Challenges in the Image-Based Diagnosis of Lung and Colon Cancer: A Comprehensive Review,Cancer Informatics,2024,13470,687,0,0,https://www.ncbi.nlm.nih.gov/pmc/articles/PMC11526153/,1,,0,0
PMC11528127,C:\Users\miked\Desktop2\RIT Info Retriv and Text Mining\project\data\PMC11528127.xml,178,"Proteomic study of medicinal mushroom extracts reveals antitumor mechanisms in an advanced colon cancer animal model via ribosomal biogenesis, translation, and metabolic pathways",Frontiers in Pharmacology,2024,10829,335,0,0,https://www.ncbi.nlm.nih.gov/pmc/articles/PMC11528127/,1,,0,0
PMC11529595,C:\Users\miked\Desktop2\RIT Info Retriv and Text Mining\project\data\PMC11529595.xml,82,In-depth study of pyroptosis-related genes and immune infiltration in colon cancer,PeerJ,2024,4718,251,0,0,https://www.ncbi.nlm.nih.gov/pmc/articles/PMC11529595/,1,,0,0
PMC11529659,C:\Users\miked\Desktop2\RIT Info Retriv and Text Mining\project\data\PMC11529659.xml,106,Laparoscopic segmental colectomy with extensive D3 lymph node dissection for right transverse colon cancer,The Journal of International Medical Research,2024,2468,130,0,0,https://www.ncbi.nlm.nih.gov/pmc/articles/PMC11529659/,1,,0,0
PMC11531565,C:\Users\miked\Desktop2\RIT Info Retriv and Text Mining\project\data\PMC11531565.xml,201,Phase II trial evaluating the long-term efficacy and peripheral sensory neuropathy of capecitabine plus oxaliplatin (XELOX) as adjuvant therapy in Japanese patients with operated stage III colon cancer,Scientific Reports,2024,1902,96,0,0,https://www.ncbi.nlm.nih.gov/pmc/articles/PMC11531565/,1,,0,0
PMC11532241,C:\Users\miked\Desktop2\RIT Info Retriv and Text Mining\project\data\PMC11532241.xml,146,Downregulation of aquaporins and PI3K/AKT and upregulation of PTEN expression induced by the flavone scutellarein in human colon cancer cell lines,Heliyon,2024,8102,390,0,0,https://www.ncbi.nlm.nih.gov/pmc/articles/PMC11532241/,1,,0,0
PMC11532389,C:\Users\miked\Desktop2\RIT Info Retriv and Text Mining\project\data\PMC11532389.xml,118,Early detection of anastomotic leakage in colon cancer surgery: the role of early warning score and C-reactive protein,Annals of Coloproctology,2024,633,27,0,0,https://www.ncbi.nlm.nih.gov/pmc/articles/PMC11532389/,1,,0,0
PMC11532831,C:\Users\miked\Desktop2\RIT Info Retriv and Text Mining\project\data\PMC11532831.xml,73,Prognostic value of visceral protein ratios in patients with colon cancer,Heliyon,2024,3197,168,0,0,https://www.ncbi.nlm.nih.gov/pmc/articles/PMC11532831/,1,,0,0
PMC11534041,C:\Users\miked\Desktop2\RIT Info Retriv and Text Mining\project\data\PMC11534041.xml,160,Short-term Outcomes of Robotic Left Colectomy Reconstructed by Intracorporeal Overlap Anastomosis for Left-sided Colon Cancer: A Single-center Report from Japan,Cancer Diagnosis & Prognosis,2024,1768,109,0,0,https://www.ncbi.nlm.nih.gov/pmc/articles/PMC11534041/,1,,0,1
PMC11534047,C:\Users\miked\Desktop2\RIT Info Retriv and Text Mining\project\data\PMC11534047.xml,101,Short-term Outcomes of Robot-assisted Colectomy Using the Overlap Method for Right-sided Colon Cancer,Cancer Diagnosis & Prognosis,2024,1647,97,0,0,https://www.ncbi.nlm.nih.gov/pmc/articles/PMC11534047/,1,,0,1
PMC11534069,C:\Users\miked\Desktop2\RIT Info Retriv and Text Mining\project\data\PMC11534069.xml,134,The combination of FLCWK with 5?FU inhibits colon cancer and multidrug resistance by activating PXR to suppress the IL?6/STAT3 pathway,Journal of Cellular and Molecular Medicine,2024,5399,239,0,0,https://www.ncbi.nlm.nih.gov/pmc/articles/PMC11534069/,1,,0,0
PMC11535293,C:\Users\miked\Desktop2\RIT Info Retriv and Text Mining\project\data\PMC11535293.xml,117,Isoorientin Suppresses Invasion of Breast and Colon Cancer Cells by Inhibition of CXC Chemokine Receptor 4 Expression,Biomolecules & Therapeutics,2024,2892,136,0,0,https://www.ncbi.nlm.nih.gov/pmc/articles/PMC11535293/,1,,0,0
PMC11535905,C:\Users\miked\Desktop2\RIT Info Retriv and Text Mining\project\data\PMC11535905.xml,62,Colon Cancer With Bladder Invasion: A Single Center Experience,In Vivo,2024,2665,140,0,0,https://www.ncbi.nlm.nih.gov/pmc/articles/PMC11535905/,1,,0,0
PMC11539651,C:\Users\miked\Desktop2\RIT Info Retriv and Text Mining\project\data\PMC11539651.xml,126,Efficacy of laparoscopic radical resection of right-sided colon cancer by different surgical approaches: network-meta-analysis,BMC Surgery,2024,4020,147,0,0,https://www.ncbi.nlm.nih.gov/pmc/articles/PMC11539651/,1,,0,0
PMC11541964,C:\Users\miked\Desktop2\RIT Info Retriv and Text Mining\project\data\PMC11541964.xml,143,Development and validation of a risk predictive nomogram for colon cancer-specific mortality: a competing risk model based on the SEER database,Discover Oncology,2024,3345,122,0,0,https://www.ncbi.nlm.nih.gov/pmc/articles/PMC11541964/,1,,0,0
PMC11544160,C:\Users\miked\Desktop2\RIT Info Retriv and Text Mining\project\data\PMC11544160.xml,104,DDR1 is identified as an immunotherapy target for microsatellite stable colon cancer by CRISPR screening,NPJ Precision Oncology,2024,7622,342,0,0,https://www.ncbi.nlm.nih.gov/pmc/articles/PMC11544160/,1,,0,0
PMC11544594,C:\Users\miked\Desktop2\RIT Info Retriv and Text Mining\project\data\PMC11544594.xml,124,Synthesis and antiproliferative activity of 2-oxo-3-phenylquinoxaline derivatives and related compounds against colon cancer,RSC Advances,2024,7410,425,0,0,https://www.ncbi.nlm.nih.gov/pmc/articles/PMC11544594/,1,,0,0
PMC11544695,C:\Users\miked\Desktop2\RIT Info Retriv and Text Mining\project\data\PMC11544695.xml,139,miR‑106b‑5p in stage II left‑sided and right‑sided colon cancer and its association with the prognostic characteristics of patients,Oncology Letters,2025,2807,130,0,0,https://www.ncbi.nlm.nih.gov/pmc/articles/PMC11544695/,1,,0,0
PMC11544798,C:\Users\miked\Desktop2\RIT Info Retriv and Text Mining\project\data\PMC11544798.xml,87,A Necessary Role for Cyclin D2 Induction During Colon Cancer Progression Mediated by L1,Cells,2024,4124,163,0,0,https://www.ncbi.nlm.nih.gov/pmc/articles/PMC11544798/,1,,0,0
PMC11545001,C:\Users\miked\Desktop2\RIT Info Retriv and Text Mining\project\data\PMC11545001.xml,160,Takotsubo Cardiomyopathy After Cytoreductive Surgery and Hyperthermic Intraperitoneal Chemotherapy for a Recurrent Colon Cancer: A Life-Threatening Complication,Diagnostics,2024,2538,122,0,0,https://www.ncbi.nlm.nih.gov/pmc/articles/PMC11545001/,1,,0,0
PMC11545876,C:\Users\miked\Desktop2\RIT Info Retriv and Text Mining\project\data\PMC11545876.xml,103,Colon Cancer-Derived Exosomal LncRNA-XIST Promotes M2-like Macrophage Polarization by Regulating PDGFRA,International Journal of Molecular Sciences,2024,6532,341,0,0,https://www.ncbi.nlm.nih.gov/pmc/articles/PMC11545876/,1,,0,0
PMC11546201,C:\Users\miked\Desktop2\RIT Info Retriv and Text Mining\project\data\PMC11546201.xml,119,A Retrospective Analysis of Emergency Versus Elective Surgical Outcomes in Colon Cancer Patients: A Single-Center Study,Journal of Clinical Medicine,2024,3789,170,0,0,https://www.ncbi.nlm.nih.gov/pmc/articles/PMC11546201/,1,,0,0
PMC11546699,C:\Users\miked\Desktop2\RIT Info Retriv and Text Mining\project\data\PMC11546699.xml,98,NRXN1 as a Prognostic Biomarker: Linking Copy Number Variation to EMT and Survival in Colon Cancer,International Journal of Molecular Sciences,2024,3977,225,0,0,https://www.ncbi.nlm.nih.gov/pmc/articles/PMC11546699/,1,,0,0
PMC11548021,C:\Users\miked\Desktop2\RIT Info Retriv and Text Mining\project\data\PMC11548021.xml,78,The Inhibitory Effect and Mechanism of the Histidine-Rich Peptide rAj-HRP from,Molecules,2024,3981,194,?,0,https://www.ncbi.nlm.nih.gov/pmc/articles/PMC11548021/,1,,0,0
PMC11549116,C:\Users\miked\Desktop2\RIT Info Retriv and Text Mining\project\data\PMC11549116.xml,123,"ASO Author Reflections: Clinical Outcomes, Costs, and Value of Undergoing Surgery among Older Patients with Colon Cancer at",Annals of Surgical Oncology,2024,575,15,0,0,https://www.ncbi.nlm.nih.gov/pmc/articles/PMC11549116/,1,,0,0
PMC11549124,C:\Users\miked\Desktop2\RIT Info Retriv and Text Mining\project\data\PMC11549124.xml,146,"Clinical Outcomes, Costs, and Value of Surgery Among Older Patients with Colon Cancer at US News and World Report Ranked Versus Unranked Hospitals",Annals of Surgical Oncology,2024,4594,111,0,0,https://www.ncbi.nlm.nih.gov/pmc/articles/PMC11549124/,1,,0,0
PMC11549191,C:\Users\miked\Desktop2\RIT Info Retriv and Text Mining\project\data\PMC11549191.xml,98,A case of colon cancer implanted on endoscopic resection ulcer certified by cancer genomic testing,Clinical Journal of Gastroenterology,2024,2145,102,0,0,https://www.ncbi.nlm.nih.gov/pmc/articles/PMC11549191/,1,,0,0
PMC11549347,C:\Users\miked\Desktop2\RIT Info Retriv and Text Mining\project\data\PMC11549347.xml,102,Murine colon cancer derived cells exhibit heterogeneous resistance profiles against an oncolytic virus,Scientific Reports,2024,4937,231,0,0,https://www.ncbi.nlm.nih.gov/pmc/articles/PMC11549347/,1,,0,0
PMC11551643,C:\Users\miked\Desktop2\RIT Info Retriv and Text Mining\project\data\PMC11551643.xml,177,Effects of invigorating-spleen and anticancer prescription on extracellular signal-regulated kinase/mitogen-activated protein kinase signaling pathway in colon cancer mice model,World Journal of Gastrointestinal Oncology,2024,2961,111,0,0,https://www.ncbi.nlm.nih.gov/pmc/articles/PMC11551643/,1,,0,0
PMC11555520,C:\Users\miked\Desktop2\RIT Info Retriv and Text Mining\project\data\PMC11555520.xml,157,"Correction to “Schisandrin B Suppresses Colon
Cancer Growth by Inducing Cell Cycle Arrest and Apoptosis: Molecular
Mechanism and Therapeutic Potential”",ACS Pharmacology & Translational Science,2024,24,2,0,0,https://www.ncbi.nlm.nih.gov/pmc/articles/PMC11555520/,0,correction,0,0
PMC11557341,C:\Users\miked\Desktop2\RIT Info Retriv and Text Mining\project\data\PMC11557341.xml,162,Artificial intelligence-based automated determination in breast and colon cancer and distinction between atypical and typical mitosis using a cloud-based platform,Pathology and Oncology Research,2024,6473,289,0,0,https://www.ncbi.nlm.nih.gov/pmc/articles/PMC11557341/,1,,0,0
PMC11560131,C:\Users\miked\Desktop2\RIT Info Retriv and Text Mining\project\data\PMC11560131.xml,99,Metastasis of colon cancer requires Dickkopf-2 to generate cancer cells with Paneth cell properties,eLife,2024,7576,391,0,0,https://www.ncbi.nlm.nih.gov/pmc/articles/PMC11560131/,1,,1,0
PMC11560393,C:\Users\miked\Desktop2\RIT Info Retriv and Text Mining\project\data\PMC11560393.xml,152,A Case of Laparoscopic Left Hemicolectomy for Transverse Colon Cancer With Severe Obesity Performed Safely by Multidisciplinary Perioperative Management,Cureus,2024,2636,99,0,0,https://www.ncbi.nlm.nih.gov/pmc/articles/PMC11560393/,1,,0,0
PMC11561141,C:\Users\miked\Desktop2\RIT Info Retriv and Text Mining\project\data\PMC11561141.xml,148,"Retraction Note: Hybrid nanoparticulate system of Fluvastatin loaded phospholipid, alpha lipoic acid and melittin for the management of colon cancer",Scientific Reports,2024,143,11,0,0,https://www.ncbi.nlm.nih.gov/pmc/articles/PMC11561141/,0,retraction,0,0
PMC11564102,C:\Users\miked\Desktop2\RIT Info Retriv and Text Mining\project\data\PMC11564102.xml,100,Neoadjuvant nivolumab and relatlimab in locally advanced MMR-deficient colon cancer: a phase 2 trial,Nature Medicine,2024,4280,189,0,0,https://www.ncbi.nlm.nih.gov/pmc/articles/PMC11564102/,1,,0,0
PMC11564546,C:\Users\miked\Desktop2\RIT Info Retriv and Text Mining\project\data\PMC11564546.xml,120,Development and validation of a dynamic nomogram for individualized prediction of survival in patients with colon cancer,Scientific Reports,2024,3823,178,0,0,https://www.ncbi.nlm.nih.gov/pmc/articles/PMC11564546/,1,,0,0
PMC11564821,C:\Users\miked\Desktop2\RIT Info Retriv and Text Mining\project\data\PMC11564821.xml,90,MDM4 inhibits ferroptosis in p53 mutant colon cancer via regulating TRIM21/GPX4 expression,Cell Death & Disease,2024,6054,356,0,0,https://www.ncbi.nlm.nih.gov/pmc/articles/PMC11564821/,1,,0,0
PMC11565109,C:\Users\miked\Desktop2\RIT Info Retriv and Text Mining\project\data\PMC11565109.xml,120,Rare germline chromosome 1 duplication identified in young male with colon cancer: a case report investigating causality,Journal of Gastrointestinal Oncology,2024,2166,104,0,0,https://www.ncbi.nlm.nih.gov/pmc/articles/PMC11565109/,1,,0,0
PMC11565119,C:\Users\miked\Desktop2\RIT Info Retriv and Text Mining\project\data\PMC11565119.xml,136,Unexpected peritoneal metastases diagnosed at the time of primary colon cancer resection: controversies regarding options for management,Journal of Gastrointestinal Oncology,2024,4835,225,0,0,https://www.ncbi.nlm.nih.gov/pmc/articles/PMC11565119/,1,,0,0
PMC11565120,C:\Users\miked\Desktop2\RIT Info Retriv and Text Mining\project\data\PMC11565120.xml,163,Patient-controlled analgesia with hydromorphone treatment for advanced colon cancer with severe pain in an older adult patient: a case report and literature review,Journal of Gastrointestinal Oncology,2024,3341,159,0,0,https://www.ncbi.nlm.nih.gov/pmc/articles/PMC11565120/,1,,0,0
PMC11568617,C:\Users\miked\Desktop2\RIT Info Retriv and Text Mining\project\data\PMC11568617.xml,139,RETRACTED ARTICLE: CKS2 induces autophagy-mediated glutathione metabolic reprogramming to facilitate ferroptosis resistance in colon cancer,Molecular Medicine,2024,6589,374,0,0,https://www.ncbi.nlm.nih.gov/pmc/articles/PMC11568617/,1,,0,0
PMC11570809,C:\Users\miked\Desktop2\RIT Info Retriv and Text Mining\project\data\PMC11570809.xml,92,Novel N-phenyl-2-(aniline) benzamide hydrochloride salt development for colon cancer therapy,Frontiers in Pharmacology,2024,6587,247,?,0,https://www.ncbi.nlm.nih.gov/pmc/articles/PMC11570809/,1,,0,0
PMC11572627,C:\Users\miked\Desktop2\RIT Info Retriv and Text Mining\project\data\PMC11572627.xml,46,Colon cancer screening programs prevent cancer,World Journal of Gastroenterology,2024,567,27,0,0,https://www.ncbi.nlm.nih.gov/pmc/articles/PMC11572627/,1,,0,0
PMC11576955,C:\Users\miked\Desktop2\RIT Info Retriv and Text Mining\project\data\PMC11576955.xml,134,The superiority of PMFs on reversing drug resistance of colon cancer and the effect on aerobic glycolysis-ROS-autophagy signaling axis,Oncology Research,2024,5242,237,0,0,https://www.ncbi.nlm.nih.gov/pmc/articles/PMC11576955/,1,,0,0
PMC11579663,C:\Users\miked\Desktop2\RIT Info Retriv and Text Mining\project\data\PMC11579663.xml,76,Microbiome‐Based Colon Cancer Patient Stratification and Survival Analysis,Cancer Medicine,2024,4524,222,0,0,https://www.ncbi.nlm.nih.gov/pmc/articles/PMC11579663/,1,,1,0
PMC11581831,C:\Users\miked\Desktop2\RIT Info Retriv and Text Mining\project\data\PMC11581831.xml,116,Impact of Green Tea Consumption on Postoperative Ileus in Colon Cancer Patients: A Pilot Randomized Controlled Trial,Cureus,2024,2697,119,0,0,https://www.ncbi.nlm.nih.gov/pmc/articles/PMC11581831/,1,,0,0
PMC11582145,C:\Users\miked\Desktop2\RIT Info Retriv and Text Mining\project\data\PMC11582145.xml,214,Synthetic free fatty acid receptor (FFAR) 2 agonist 4-CMTB and FFAR4 agonist GSK13764 inhibit colon cancer cell growth and migration and regulate FFARs expression in in vitro and in vivo models of colorectal cancer,Pharmacological Reports,2024,4894,233,0,0,https://www.ncbi.nlm.nih.gov/pmc/articles/PMC11582145/,1,,1,0
PMC11584097,C:\Users\miked\Desktop2\RIT Info Retriv and Text Mining\project\data\PMC11584097.xml,77,Causal debiasing for unknown bias in histopathology—A colon cancer use case,PLOS ONE,2024,4909,225,0,0,https://www.ncbi.nlm.nih.gov/pmc/articles/PMC11584097/,1,,0,0
PMC11586674,C:\Users\miked\Desktop2\RIT Info Retriv and Text Mining\project\data\PMC11586674.xml,105,"Patient reported experiences of health care, quality of life and preoperative information in colon cancer",Acta Oncologica,2024,3593,146,0,0,https://www.ncbi.nlm.nih.gov/pmc/articles/PMC11586674/,1,,0,0
PMC11590870,C:\Users\miked\Desktop2\RIT Info Retriv and Text Mining\project\data\PMC11590870.xml,118,Moringa oleifera Lam. Leaf Peptides: Antioxidant and Antiproliferative Activity in Human Colon Cancer Caco-2 Cell Line,Antioxidants,2024,4290,209,0,0,https://www.ncbi.nlm.nih.gov/pmc/articles/PMC11590870/,1,,0,0
PMC11592951,C:\Users\miked\Desktop2\RIT Info Retriv and Text Mining\project\data\PMC11592951.xml,53,Lung and Colon Cancer Detection Using a Deep AI Model,Cancers,2024,8758,478,0,0,https://www.ncbi.nlm.nih.gov/pmc/articles/PMC11592951/,1,,0,0
PMC11593170,C:\Users\miked\Desktop2\RIT Info Retriv and Text Mining\project\data\PMC11593170.xml,82,Epidermal Growth Factor Downregulates Carbon Anhydrase III (CAIII) in Colon Cancer,Current Issues in Molecular Biology,2024,2722,140,0(?),0,https://www.ncbi.nlm.nih.gov/pmc/articles/PMC11593170/,1,,0,0
PMC11593226,C:\Users\miked\Desktop2\RIT Info Retriv and Text Mining\project\data\PMC11593226.xml,157,A Hybrid Deep Learning and Machine Learning Approach with Mobile-EfficientNet and Grey Wolf Optimizer for Lung and Colon Cancer Histopathology Classification,Cancers,2024,7701,344,0,0,https://www.ncbi.nlm.nih.gov/pmc/articles/PMC11593226/,1,,0,0
PMC11597369,C:\Users\miked\Desktop2\RIT Info Retriv and Text Mining\project\data\PMC11597369.xml,113,Increased MAGE-C Family Gene Expression Levels as a Biomarker of Colon Cancer Through the Demethylation Mechanism,Pharmaceuticals,2024,6321,281,0,0,https://www.ncbi.nlm.nih.gov/pmc/articles/PMC11597369/,1,,0,0
PMC11602131,C:\Users\miked\Desktop2\RIT Info Retriv and Text Mining\project\data\PMC11602131.xml,151,Long-term follow-up of the conventional versus no-touch isolation technique for resection of primary colon cancer (JCOG1006): randomized clinical trial,BJS Open,2024,2709,133,0,0,https://www.ncbi.nlm.nih.gov/pmc/articles/PMC11602131/,1,,0,0
PMC11602879,C:\Users\miked\Desktop2\RIT Info Retriv and Text Mining\project\data\PMC11602879.xml,129,Serous endometrial carcinoma metastatic to the sigmoid colon masquerading as a primary colon cancer detected by bowel obstruction,Surgical Case Reports,2024,1622,87,0,0,https://www.ncbi.nlm.nih.gov/pmc/articles/PMC11602879/,1,,0,0
PMC11603038,C:\Users\miked\Desktop2\RIT Info Retriv and Text Mining\project\data\PMC11603038.xml,77,Green synthesis of zinc nanoparticles by hydroalcoholic extract of lavender (,Scientific Reports,2024,5502,263,0,0,https://www.ncbi.nlm.nih.gov/pmc/articles/PMC11603038/,1,,0,0
PMC11603536,C:\Users\miked\Desktop2\RIT Info Retriv and Text Mining\project\data\PMC11603536.xml,104,"[Retracted] Dual inhibition of COX‑2/5‑LOX blocks colon cancer proliferation, migration and invasion",Oncology Reports,2025,337,13,0,0,https://www.ncbi.nlm.nih.gov/pmc/articles/PMC11603536/,0,retraction,0,0
PMC11606353,C:\Users\miked\Desktop2\RIT Info Retriv and Text Mining\project\data\PMC11606353.xml,137,Exosome-based strategy against colon cancer using small interfering RNA-loaded vesicles targeting soluble a proliferation-inducing ligand,World Journal of Stem Cells,2024,6177,264,0,0,https://www.ncbi.nlm.nih.gov/pmc/articles/PMC11606353/,1,,0,0
PMC11606711,C:\Users\miked\Desktop2\RIT Info Retriv and Text Mining\project\data\PMC11606711.xml,100,A Case Report of Envafolimab in the Treatment of Microsatellite Stable (MSS) Metastatic Colon Cancer,OncoTargets and Therapy,2024,2683,107,0,0,https://www.ncbi.nlm.nih.gov/pmc/articles/PMC11606711/,1,,0,0
PMC11608356,C:\Users\miked\Desktop2\RIT Info Retriv and Text Mining\project\data\PMC11608356.xml,141,Bevacizumab versus aflibercept with FOLFIRI after FOLFOX and bevacizumab in RAS mutant metastatic colon cancer a Turkish oncology group study,Scientific Reports,2024,2906,117,0,0,https://www.ncbi.nlm.nih.gov/pmc/articles/PMC11608356/,1,,0,0
PMC11609523,C:\Users\miked\Desktop2\RIT Info Retriv and Text Mining\project\data\PMC11609523.xml,128,Injectable microgels containing genetically engineered bacteria for colon cancer therapy through programmed Chemokine expression,Materials Today Bio,2024,5513,307,0,0,https://www.ncbi.nlm.nih.gov/pmc/articles/PMC11609523/,1,,0,0
PMC11610196,C:\Users\miked\Desktop2\RIT Info Retriv and Text Mining\project\data\PMC11610196.xml,120,Combining immunoscore and tumor budding in colon cancer: an insightful prognostication based on the tumor-host interface,Journal of Translational Medicine,2024,2866,142,0,0,https://www.ncbi.nlm.nih.gov/pmc/articles/PMC11610196/,1,,0,0
PMC11612501,C:\Users\miked\Desktop2\RIT Info Retriv and Text Mining\project\data\PMC11612501.xml,106,Exploring the molecular profile of localized colon cancer: insights from the AIO Colopredict Plus registry,Frontiers in Oncology,2024,5419,182,?,0,https://www.ncbi.nlm.nih.gov/pmc/articles/PMC11612501/,1,,0,0
PMC11614356,C:\Users\miked\Desktop2\RIT Info Retriv and Text Mining\project\data\PMC11614356.xml,130,Prognostic and Molecular Characterization of Metastatic Transverse Colon Cancer: Insights From a Single-Center Retrospective Study,Cureus,2024,3072,116,0,0,https://www.ncbi.nlm.nih.gov/pmc/articles/PMC11614356/,1,,0,0
PMC11615019,C:\Users\miked\Desktop2\RIT Info Retriv and Text Mining\project\data\PMC11615019.xml,127,One year follow-up of the colon cancer patient cohort treated with a novel miniaturized robotic-assisted surgery device (mRASD),Surgical Endoscopy,2024,2508,118,0,0,https://www.ncbi.nlm.nih.gov/pmc/articles/PMC11615019/,1,,0,1
PMC11615116,C:\Users\miked\Desktop2\RIT Info Retriv and Text Mining\project\data\PMC11615116.xml,115,The impact of facility type on surgical outcomes in colon cancer patients: analysis of the national cancer database,Surgical Endoscopy,2024,2973,106,0,0,https://www.ncbi.nlm.nih.gov/pmc/articles/PMC11615116/,1,,0,1
PMC11615702,C:\Users\miked\Desktop2\RIT Info Retriv and Text Mining\project\data\PMC11615702.xml,87,Acceptability of Guidelines to Stop Colon Cancer Screening by Estimated Life Expectancy,JAMA Network Open,2024,780,29,0,0,https://www.ncbi.nlm.nih.gov/pmc/articles/PMC11615702/,1,,0,0
PMC11618900,C:\Users\miked\Desktop2\RIT Info Retriv and Text Mining\project\data\PMC11618900.xml,143,"A Hybrid 2D Gaussian Filter and Deep Learning Approach with Visualization 
of Class Activation for Automatic 
Lung and Colon Cancer Diagnosis",Technology in Cancer Research & Treatment,2024,7063,300,0,0,https://www.ncbi.nlm.nih.gov/pmc/articles/PMC11618900/,1,,0,0
PMC11619254,C:\Users\miked\Desktop2\RIT Info Retriv and Text Mining\project\data\PMC11619254.xml,158,High tumor mutational burden assessed through next-generation sequencing predicts favorable survival in microsatellite stable metastatic colon cancer patients,Journal of Translational Medicine,2024,3936,165,0,0,https://www.ncbi.nlm.nih.gov/pmc/articles/PMC11619254/,0,correction,0,0
PMC11627326,C:\Users\miked\Desktop2\RIT Info Retriv and Text Mining\project\data\PMC11627326.xml,156,Evolution of Rapid Clonal Dynamics and Non–Cross-Resistance in Response to Alternating Targeted Therapy and Chemotherapy in BRAF-V600E-Mutant Colon Cancer,JCO Precision Oncology,2024,3909,142,!,0,https://www.ncbi.nlm.nih.gov/pmc/articles/PMC11627326/,1,,0,0
PMC11628787,C:\Users\miked\Desktop2\RIT Info Retriv and Text Mining\project\data\PMC11628787.xml,96,A phosphoglycerate mutase 1 allosteric inhibitor restrains TAM-mediated colon cancer progression,Acta Pharmaceutica Sinica. B,2024,5628,320,0,0,https://www.ncbi.nlm.nih.gov/pmc/articles/PMC11628787/,1,,0,0
PMC11629188,C:\Users\miked\Desktop2\RIT Info Retriv and Text Mining\project\data\PMC11629188.xml,114,Undifferentiated spindle cell sarcoma at the anastomosis after ileocecal resection for colon cancer: A case report,International Journal of Surgery Case Reports,2024,1860,107,0,0,https://www.ncbi.nlm.nih.gov/pmc/articles/PMC11629188/,1,,0,0
PMC11632118,C:\Users\miked\Desktop2\RIT Info Retriv and Text Mining\project\data\PMC11632118.xml,86,Role of eosinophil counts in mediating the association between asthma and colon cancer,Clinical and Translational Allergy,2024,5051,254,0,0,https://www.ncbi.nlm.nih.gov/pmc/articles/PMC11632118/,1,,0,0
PMC11636350,C:\Users\miked\Desktop2\RIT Info Retriv and Text Mining\project\data\PMC11636350.xml,92,Complete genome sequence of Bulleidia sp. 10714-15 isolated from human colon cancer patients,Microbiology Resource Announcements,2024,376,18,0,0,https://www.ncbi.nlm.nih.gov/pmc/articles/PMC11636350/,1,,1,0
PMC11636535,C:\Users\miked\Desktop2\RIT Info Retriv and Text Mining\project\data\PMC11636535.xml,121,The role of CD47 in immune escape of colon cancer and its correlation with heterogeneity of tumor immune microenvironment,PeerJ,2024,5916,278,0,0,https://www.ncbi.nlm.nih.gov/pmc/articles/PMC11636535/,1,,0,0
PMC11637503,C:\Users\miked\Desktop2\RIT Info Retriv and Text Mining\project\data\PMC11637503.xml,160,[Corrigendum] Anti-carcinogenic properties of omeprazole against human colon cancer cells and azoxymethane-induced colonic aberrant crypt foci formation in rats,International Journal of Oncology,2025,264,13,0,0,https://www.ncbi.nlm.nih.gov/pmc/articles/PMC11637503/,0,correction,0,0
PMC11638177,C:\Users\miked\Desktop2\RIT Info Retriv and Text Mining\project\data\PMC11638177.xml,87,Gradient boosting reveals spatially diverse cholesterol gene signatures in colon cancer,Frontiers in Genetics,2024,4981,198,0,0,https://www.ncbi.nlm.nih.gov/pmc/articles/PMC11638177/,1,,0,0
PMC11638658,C:\Users\miked\Desktop2\RIT Info Retriv and Text Mining\project\data\PMC11638658.xml,144,AMIGO2 characterizes cancer?associated fibroblasts in metastatic colon cancer and induces the release of paracrine active tumorigenic secretomes,The Journal of Pathology,2024,5098,234,0,0,https://www.ncbi.nlm.nih.gov/pmc/articles/PMC11638658/,1,,0,0
PMC11640483,C:\Users\miked\Desktop2\RIT Info Retriv and Text Mining\project\data\PMC11640483.xml,190,"Applying Neural Networks to Analyse Inflammatory, Sociodemographic, and Psychological Factors in Non-Melanoma Skin Cancer and Colon Cancer: A Statistical and Artificial Intelligence Approach",Diagnostics,2024,12243,568,0,0,https://www.ncbi.nlm.nih.gov/pmc/articles/PMC11640483/,1,,0,0
PMC11640554,C:\Users\miked\Desktop2\RIT Info Retriv and Text Mining\project\data\PMC11640554.xml,170,Upfront Surgery vs. Endoscopic Stenting Bridge to Minimally Invasive Surgery for Treatment of Obstructive Left Colon Cancer: Analysis of Surgical and Oncological Outcomes,Cancers,2024,3570,152,0,0,https://www.ncbi.nlm.nih.gov/pmc/articles/PMC11640554/,1,,0,0
PMC11640737,C:\Users\miked\Desktop2\RIT Info Retriv and Text Mining\project\data\PMC11640737.xml,170,Beyond Obstruction: Evaluating Self-Expandable Metallic Stents (SEMSs) vs. Emergency Surgery for Challenging pT4 Obstructive Colon Cancer: Multicentre Retrospective Study,Cancers,2024,3002,149,0,0,https://www.ncbi.nlm.nih.gov/pmc/articles/PMC11640737/,1,,0,0
PMC11640802,C:\Users\miked\Desktop2\RIT Info Retriv and Text Mining\project\data\PMC11640802.xml,123,Suppression of Metastasis of Colon Cancer to Liver in Mouse Models by Pretreatment with Extracellular Vesicles Derived from,International Journal of Molecular Sciences,2024,5489,291,0,0,https://www.ncbi.nlm.nih.gov/pmc/articles/PMC11640802/,1,,0,0
PMC11643985,C:\Users\miked\Desktop2\RIT Info Retriv and Text Mining\project\data\PMC11643985.xml,75,The Anti-Metastatic Potential of Aronia Leaf Extracts on Colon Cancer Cells,Nutrients,2024,5026,231,0,0,https://www.ncbi.nlm.nih.gov/pmc/articles/PMC11643985/,1,,0,0
PMC11647256,C:\Users\miked\Desktop2\RIT Info Retriv and Text Mining\project\data\PMC11647256.xml,169,"CTHRC1 is associated with BRAF(V600E) mutation and correlates with prognosis, immune cell infiltration, and drug resistance in colon cancer, thyroid cancer, and melanoma",Biomolecules and Biomedicine,2025,7135,237,0,0,https://www.ncbi.nlm.nih.gov/pmc/articles/PMC11647256/,1,,0,0
PMC11647881,C:\Users\miked\Desktop2\RIT Info Retriv and Text Mining\project\data\PMC11647881.xml,145,A Novel Substituted Benzo[g]quinoxaline-Based Cyclometalated Ru(II) Complex as a Biocompatible Membrane-Targeted PDT Colon Cancer Stem Cell Agent,Journal of Medicinal Chemistry,2024,8425,313,0,0,https://www.ncbi.nlm.nih.gov/pmc/articles/PMC11647881/,1,,0,0
PMC11648153,C:\Users\miked\Desktop2\RIT Info Retriv and Text Mining\project\data\PMC11648153.xml,76,Rare BRAF gene fusions in metastatic early-onset colon cancer: A case report,Heliyon,2024,2007,119,0,0,https://www.ncbi.nlm.nih.gov/pmc/articles/PMC11648153/,1,,0,0
PMC11649504,C:\Users\miked\Desktop2\RIT Info Retriv and Text Mining\project\data\PMC11649504.xml,96,Investigation of the correlation between AGRN expression and perineural invasion in colon cancer,Frontiers in Molecular Biosciences,2024,5125,223,0,0,https://www.ncbi.nlm.nih.gov/pmc/articles/PMC11649504/,1,,0,0
PMC11649626,C:\Users\miked\Desktop2\RIT Info Retriv and Text Mining\project\data\PMC11649626.xml,131,Expression and clinical significance of Numb and Notch-1 proteins between tissue of colon cancer and regional lymph node metastases,Frontiers in Oncology,2024,2840,97,0,0,https://www.ncbi.nlm.nih.gov/pmc/articles/PMC11649626/,1,,0,0
PMC11650235,C:\Users\miked\Desktop2\RIT Info Retriv and Text Mining\project\data\PMC11650235.xml,75,Dexmedetomidine in colon cancer surgery: Evaluating its impact and efficacy,World Journal of Gastrointestinal Surgery,2024,915,43,0,0,https://www.ncbi.nlm.nih.gov/pmc/articles/PMC11650235/,1,,0,0
PMC11651070,C:\Users\miked\Desktop2\RIT Info Retriv and Text Mining\project\data\PMC11651070.xml,139,An artesunate-modified half-sandwich iridium(iii) complex inhibits colon cancer cell proliferation and metastasis through the STAT3 pathway,RSC Chemical Biology,2024,3312,134,0,0,https://www.ncbi.nlm.nih.gov/pmc/articles/PMC11651070/,1,,0,0
PMC11651490,C:\Users\miked\Desktop2\RIT Info Retriv and Text Mining\project\data\PMC11651490.xml,116,A colon cancer patient with splenic metastasis associated with a splenic abscess and thrombocytopenia: A case report,Medicine,2024,1389,88,0,0,https://www.ncbi.nlm.nih.gov/pmc/articles/PMC11651490/,1,,0,0
PMC11651794,C:\Users\miked\Desktop2\RIT Info Retriv and Text Mining\project\data\PMC11651794.xml,124,Development of a risk prediction model for personalized assessment of postoperative recurrence risk in colon cancer patients,Translational Cancer Research,2024,2992,108,0,0,https://www.ncbi.nlm.nih.gov/pmc/articles/PMC11651794/,1,,0,0
PMC11652436,C:\Users\miked\Desktop2\RIT Info Retriv and Text Mining\project\data\PMC11652436.xml,167,Socioeconomic and geographic variation in adjuvant chemotherapy among elderly patients with stage III colon cancer in Norway – a national register-based cohort study,Research in Health Services & Regions,2024,3958,197,0,0,https://www.ncbi.nlm.nih.gov/pmc/articles/PMC11652436/,1,,0,0
PMC11652864,C:\Users\miked\Desktop2\RIT Info Retriv and Text Mining\project\data\PMC11652864.xml,103,The clinical dilemma of high-risk stage II colon cancer: are we truly prepared to withdraw oxaliplatin?,ESMO Open,2024,752,24,0,0,https://www.ncbi.nlm.nih.gov/pmc/articles/PMC11652864/,0,editorial,0,0
PMC11654462,C:\Users\miked\Desktop2\RIT Info Retriv and Text Mining\project\data\PMC11654462.xml,98,ASSOCIATION BETWEEN SURGICAL VOLUME AND MORTALITY FROM COLON CANCER IN COLOMBIA: A NATIONAL COHORT,Arquivos Brasileiros de Cirurgia Digestiva : ABCD,2024,2828,99,0,0,https://www.ncbi.nlm.nih.gov/pmc/articles/PMC11654462/,1,,0,0
PMC11656641,C:\Users\miked\Desktop2\RIT Info Retriv and Text Mining\project\data\PMC11656641.xml,107,Comparative Evaluation of Information Quality on Colon Cancer for Patients: A Study of ChatGPT-4 and Google,Cureus,2024,6170,372,0,0,https://www.ncbi.nlm.nih.gov/pmc/articles/PMC11656641/,1,,0,0
PMC11656869,C:\Users\miked\Desktop2\RIT Info Retriv and Text Mining\project\data\PMC11656869.xml,122,"Construction of a novel copper-induced-cell-death-related gene signature for prognosis in colon cancer, with focus on KIF7",BMC Cancer,2024,5714,341,0,0,https://www.ncbi.nlm.nih.gov/pmc/articles/PMC11656869/,1,,0,0
PMC11661502,C:\Users\miked\Desktop2\RIT Info Retriv and Text Mining\project\data\PMC11661502.xml,150,Retraction: Activation of Nuclear Factor Kappa B (NF-kB) Signaling Pathway Through Exercise-Induced Simulated Dopamine Against Colon Cancer Cell Lines,Cureus,2024,50,3,0,0,https://www.ncbi.nlm.nih.gov/pmc/articles/PMC11661502/,0,retraction,0,0
PMC11661724,C:\Users\miked\Desktop2\RIT Info Retriv and Text Mining\project\data\PMC11661724.xml,193,Predictors of Recurrence After Curative Surgery for Stage I Colon Cancer: Retrospective Cohort Analysis of the Italian Society of Surgical Oncology Colorectal Cancer Network Collaborative Group,Annals of Surgery Open,2024,3630,125,0,0,https://www.ncbi.nlm.nih.gov/pmc/articles/PMC11661724/,1,,0,0
PMC11663933,C:\Users\miked\Desktop2\RIT Info Retriv and Text Mining\project\data\PMC11663933.xml,87,UDP-glucuronosyltransferases 2A3 as a biomarker for ulcerative colitis and colon cancer,Frontiers in Genetics,2024,2836,138,0,0,https://www.ncbi.nlm.nih.gov/pmc/articles/PMC11663933/,1,,0,0
PMC11664607,C:\Users\miked\Desktop2\RIT Info Retriv and Text Mining\project\data\PMC11664607.xml,139,"Correlations of the expression of Cx43, SCFFBXW7, p-cyclin E1 (Ser73), p-cyclin E1 (Thr77) and p-cyclin E1 (Thr395) in colon cancer tissues",World Journal of Gastrointestinal Oncology,2025,2205,60,0,0,https://www.ncbi.nlm.nih.gov/pmc/articles/PMC11664607/,1,,0,0
PMC11665177,C:\Users\miked\Desktop2\RIT Info Retriv and Text Mining\project\data\PMC11665177.xml,106,TNF-α-Induced NF-κB Alter the Methylation Status of Some Stemness Genes in HT-29 Human Colon Cancer Cell,Advanced Biomedical Research,2024,2789,130,0,0,https://www.ncbi.nlm.nih.gov/pmc/articles/PMC11665177/,1,,0,0
PMC11665664,C:\Users\miked\Desktop2\RIT Info Retriv and Text Mining\project\data\PMC11665664.xml,100,Potential therapeutic strategies for colitis and colon cancer: bidirectional targeting STING pathway,eBioMedicine,2024,5760,184,0,0,https://www.ncbi.nlm.nih.gov/pmc/articles/PMC11665664/,1,,0,0
PMC11666639,C:\Users\miked\Desktop2\RIT Info Retriv and Text Mining\project\data\PMC11666639.xml,54,Managing right-sided colon cancer in the frail patient,Surgical Endoscopy,2024,1147,44,0,0,https://www.ncbi.nlm.nih.gov/pmc/articles/PMC11666639/,0,editorial,0,0
PMC11666780,C:\Users\miked\Desktop2\RIT Info Retriv and Text Mining\project\data\PMC11666780.xml,66,Correction: Managing right-sided colon cancer in the frail patient,Surgical Endoscopy,2024,51,3,0,0,https://www.ncbi.nlm.nih.gov/pmc/articles/PMC11666780/,0,correction,0,0
PMC11668439,C:\Users\miked\Desktop2\RIT Info Retriv and Text Mining\project\data\PMC11668439.xml,126,Awareness of colon cancer screening among the general population: Community-based study from the Qassim Region of Saudi Arabia,Journal of Family Medicine and Primary Care,2024,2874,117,0,0,https://www.ncbi.nlm.nih.gov/pmc/articles/PMC11668439/,1,,0,0
PMC11669901,C:\Users\miked\Desktop2\RIT Info Retriv and Text Mining\project\data\PMC11669901.xml,145,Identification of signatures associated with microsatellite instability and immune characteristics to predict the prognostic risk of colon cancer,Open Medicine,2024,4845,190,0,0,https://www.ncbi.nlm.nih.gov/pmc/articles/PMC11669901/,1,,0,0
PMC11671356,C:\Users\miked\Desktop2\RIT Info Retriv and Text Mining\project\data\PMC11671356.xml,117,"Dietary fiber influence on overall health, with an emphasis on CVD, diabetes, obesity, colon cancer, and inflammation",Frontiers in Nutrition,2024,10508,485,0,0,https://www.ncbi.nlm.nih.gov/pmc/articles/PMC11671356/,1,,1,0
PMC11674020,C:\Users\miked\Desktop2\RIT Info Retriv and Text Mining\project\data\PMC11674020.xml,122,Grapefruit-Derived Vesicles Loaded with Recombinant HSP70 Activate Antitumor Immunity in Colon Cancer In Vitro and In Vivo,Biomedicines,2024,4332,173,0,0,https://www.ncbi.nlm.nih.gov/pmc/articles/PMC11674020/,1,,0,0
PMC11674122,C:\Users\miked\Desktop2\RIT Info Retriv and Text Mining\project\data\PMC11674122.xml,143,"NEK2 Phosphorylates RhoGDI1 to Promote Cell Proliferation, Migration and Invasion Through the Activation of RhoA and Rac1 in Colon Cancer Cells",Cells,2024,4329,204,0,0,https://www.ncbi.nlm.nih.gov/pmc/articles/PMC11674122/,1,,0,0
PMC11675008,C:\Users\miked\Desktop2\RIT Info Retriv and Text Mining\project\data\PMC11675008.xml,80,Colon Cancer Rates Among Asian Americans: A 2017–2021 Epidemiological Analysis,Cancers,2024,3874,168,0,0,https://www.ncbi.nlm.nih.gov/pmc/articles/PMC11675008/,1,,0,0
PMC11677301,C:\Users\miked\Desktop2\RIT Info Retriv and Text Mining\project\data\PMC11677301.xml,125,"Impact of Sidedness of Colon Cancer on Epidemiological, Clinical Presentation, Surgical, Pathological, and Oncologic Outcomes",Journal of Personalized Medicine,2024,3804,185,0,0,https://www.ncbi.nlm.nih.gov/pmc/articles/PMC11677301/,1,,0,0
PMC11679492,C:\Users\miked\Desktop2\RIT Info Retriv and Text Mining\project\data\PMC11679492.xml,162,Caryophylli Cortex Suppress PD-L1 Expression in Cancer Cells and Potentiates Anti-Tumor Immunity in a Humanized PD-1/PD-L1 Knock-In MC-38 Colon Cancer Mouse Model,Nutrients,2024,5338,239,0,0,https://www.ncbi.nlm.nih.gov/pmc/articles/PMC11679492/,1,,0,0
PMC11680050,C:\Users\miked\Desktop2\RIT Info Retriv and Text Mining\project\data\PMC11680050.xml,65,miR-195-5p Inhibits Colon Cancer Progression via KRT23 Regulation,Pharmaceutics,2024,4205,191,0,0,https://www.ncbi.nlm.nih.gov/pmc/articles/PMC11680050/,1,,0,0
PMC11681701,C:\Users\miked\Desktop2\RIT Info Retriv and Text Mining\project\data\PMC11681701.xml,126,"Distinct microbes, metabolites, and the host genome define the multi-omics profiles in right-sided and left-sided colon cancer",Microbiome,2024,7082,298,0,0,https://www.ncbi.nlm.nih.gov/pmc/articles/PMC11681701/,1,,1,0
PMC11683376,C:\Users\miked\Desktop2\RIT Info Retriv and Text Mining\project\data\PMC11683376.xml,96,Optimizing Urgent Suspected Colon Cancer Referrals and Reducing Colonoscopy Wait Times in Wales,Cureus,2024,2533,117,0,0,https://www.ncbi.nlm.nih.gov/pmc/articles/PMC11683376/,1,,0,0
PMC11683402,C:\Users\miked\Desktop2\RIT Info Retriv and Text Mining\project\data\PMC11683402.xml,96,Targeting the Ajuba/Notch axis increases the sensitivity of colon cancer cells to 5-fluorouracil,CytoJournal,2024,4242,185,0,0,https://www.ncbi.nlm.nih.gov/pmc/articles/PMC11683402/,1,,0,0
PMC11684163,C:\Users\miked\Desktop2\RIT Info Retriv and Text Mining\project\data\PMC11684163.xml,136,Poorly controlled type II diabetes mellitus significantly enhances postoperative chemoresistance in patients with stage III colon cancer,World Journal of Gastroenterology,2025,5296,176,0,0,https://www.ncbi.nlm.nih.gov/pmc/articles/PMC11684163/,1,,0,0
PMC11685689,C:\Users\miked\Desktop2\RIT Info Retriv and Text Mining\project\data\PMC11685689.xml,78,Impact of Multimorbidity Burden on Mortality Risk among Colon Cancer Survivors,Journal of Cancer,2025,2826,123,0,0,https://www.ncbi.nlm.nih.gov/pmc/articles/PMC11685689/,1,,0,0
PMC11686071,C:\Users\miked\Desktop2\RIT Info Retriv and Text Mining\project\data\PMC11686071.xml,128,Analysis of diagnostic genes and molecular mechanisms of Crohn’s disease and colon cancer based on machine learning algorithms,Scientific Reports,2024,5076,196,0,0,https://www.ncbi.nlm.nih.gov/pmc/articles/PMC11686071/,1,,1,0
PMC11688056,C:\Users\miked\Desktop2\RIT Info Retriv and Text Mining\project\data\PMC11688056.xml,127,Systemic immune profiling analysis identifying M2-TAM related genes predicted colon cancer prognosis and chemotherapy responses,Medicine,2024,6151,311,0,0,https://www.ncbi.nlm.nih.gov/pmc/articles/PMC11688056/,1,,0,0
PMC11693560,C:\Users\miked\Desktop2\RIT Info Retriv and Text Mining\project\data\PMC11693560.xml,134,Robotic right‐sided colon cancer surgery: Dissecting the outermost layer of the autonomic nerve along the superior mesenteric artery,Annals of Gastroenterological Surgery,2024,2236,105,0,0,https://www.ncbi.nlm.nih.gov/pmc/articles/PMC11693560/,1,,0,1
PMC11693581,C:\Users\miked\Desktop2\RIT Info Retriv and Text Mining\project\data\PMC11693581.xml,152,Intraluminal washout in rectal and sigmoid colon cancer surgeries with double‐stapling technique anastomosis: A single‐institution prospective study,Annals of Gastroenterological Surgery,2024,3334,152,0,0,https://www.ncbi.nlm.nih.gov/pmc/articles/PMC11693581/,1,,0,0
PMC11693618,C:\Users\miked\Desktop2\RIT Info Retriv and Text Mining\project\data\PMC11693618.xml,141,Laparoscopic surgery is associated with increased risk of postoperative peritoneal metastases in T4 colon cancer: a propensity score analysis,International Journal of Colorectal Disease,2025,3353,126,0,0,https://www.ncbi.nlm.nih.gov/pmc/articles/PMC11693618/,1,,0,0
PMC11693697,C:\Users\miked\Desktop2\RIT Info Retriv and Text Mining\project\data\PMC11693697.xml,102,A novel liquid-liquid phase separation-related gene signature for predicting prognosis in colon cancer,Frontiers in Immunology,2024,6034,308,0,0,https://www.ncbi.nlm.nih.gov/pmc/articles/PMC11693697/,1,,0,0
PMC11695588,C:\Users\miked\Desktop2\RIT Info Retriv and Text Mining\project\data\PMC11695588.xml,116,Nucleotide metabolism-associated drug resistance gene NDUFA4L2 promotes colon cancer progression and 5-FU resistance,Scientific Reports,2025,6628,271,0,0,https://www.ncbi.nlm.nih.gov/pmc/articles/PMC11695588/,1,,0,0
PMC11697464,C:\Users\miked\Desktop2\RIT Info Retriv and Text Mining\project\data\PMC11697464.xml,134,Using large language models for extracting stressful life events to assess their impact on preventive colon cancer screening adherence,BMC Public Health,2025,4610,169,0,0,https://www.ncbi.nlm.nih.gov/pmc/articles/PMC11697464/,1,,0,0
PMC11698818,C:\Users\miked\Desktop2\RIT Info Retriv and Text Mining\project\data\PMC11698818.xml,93,Stage-Specific Tumoral Gene Expression Profiles of Black and White Patients with Colon Cancer,Annals of Surgical Oncology,2024,4975,180,0,0,https://www.ncbi.nlm.nih.gov/pmc/articles/PMC11698818/,1,,0,0
PMC11698876,C:\Users\miked\Desktop2\RIT Info Retriv and Text Mining\project\data\PMC11698876.xml,82,ASO Author Reflections: Decoding Racial Differences in Colon Cancer Transcriptomes,Annals of Surgical Oncology,2024,559,18,0,0,https://www.ncbi.nlm.nih.gov/pmc/articles/PMC11698876/,0,editorial,0,0
PMC11698967,C:\Users\miked\Desktop2\RIT Info Retriv and Text Mining\project\data\PMC11698967.xml,117,Age and sex differences in the relationship of body weight changes with colon cancer risks: A nationwide cohort study,Scientific Reports,2025,4425,162,0,0,https://www.ncbi.nlm.nih.gov/pmc/articles/PMC11698967/,1,,0,0
PMC11701131,C:\Users\miked\Desktop2\RIT Info Retriv and Text Mining\project\data\PMC11701131.xml,115,LncRNA MIR210HG promotes the proliferation of colon cancer cells by inhibiting ferroptosis through binding to PCBP1,Scientific Reports,2025,3581,201,0,0,https://www.ncbi.nlm.nih.gov/pmc/articles/PMC11701131/,1,,0,0
PMC11701452,C:\Users\miked\Desktop2\RIT Info Retriv and Text Mining\project\data\PMC11701452.xml,124,Robotic surgery may lead to reduced postoperative inflammatory stress in colon cancer: a propensity score–matched analysis,Annals of Coloproctology,2024,2619,125,0,0,https://www.ncbi.nlm.nih.gov/pmc/articles/PMC11701452/,1,,0,1
PMC11702450,C:\Users\miked\Desktop2\RIT Info Retriv and Text Mining\project\data\PMC11702450.xml,102,The Impact of Chemotherapy and Body Mass Index on Cancer‐Related Fatigue in Colon Cancer Patients: A,Cancer Medicine,2025,3968,197,0,0,https://www.ncbi.nlm.nih.gov/pmc/articles/PMC11702450/,1,,0,0
PMC11702939,C:\Users\miked\Desktop2\RIT Info Retriv and Text Mining\project\data\PMC11702939.xml,133,Long-term effects of neoadjuvant chemotherapy in variant histology locally advanced colon cancer: a propensity score-matched analysis,Cancer Biology & Therapy,2024,3933,128,0,0,https://www.ncbi.nlm.nih.gov/pmc/articles/PMC11702939/,1,,0,0
PMC11704253,C:\Users\miked\Desktop2\RIT Info Retriv and Text Mining\project\data\PMC11704253.xml,110,Heptamethine cyanine-based polymeric nanoparticles for photothermal therapy in HCT116 human colon cancer model,Scientific Reports,2025,4899,258,0,0,https://www.ncbi.nlm.nih.gov/pmc/articles/PMC11704253/,1,,0,0
PMC11705064,C:\Users\miked\Desktop2\RIT Info Retriv and Text Mining\project\data\PMC11705064.xml,102,Hesperidin inhibits colon cancer progression by downregulating SLC5A1 to suppress EGFR phosphorylation,Journal of Cancer,2025,3430,159,0,0,https://www.ncbi.nlm.nih.gov/pmc/articles/PMC11705064/,1,,0,0
PMC11707846,C:\Users\miked\Desktop2\RIT Info Retriv and Text Mining\project\data\PMC11707846.xml,132,Correction: CKS2 induces autophagy-mediated glutathione metabolic reprogramming to facilitate ferroptosis resistance in colon cancer,Molecular Medicine,2025,36,3,0,0,https://www.ncbi.nlm.nih.gov/pmc/articles/PMC11707846/,0,correction,0,0
PMC11708178,C:\Users\miked\Desktop2\RIT Info Retriv and Text Mining\project\data\PMC11708178.xml,175,Correction To: High tumor mutational burden assessed through next‑generation sequencing predicts favorable survival in microsatellite stable metastatic colon cancer patients,Journal of Translational Medicine,2025,127,6,0,0,https://www.ncbi.nlm.nih.gov/pmc/articles/PMC11708178/,0,correction,0,0
PMC11708209,C:\Users\miked\Desktop2\RIT Info Retriv and Text Mining\project\data\PMC11708209.xml,179,"Laparoscopic versus open colectomy for locally advanced colon cancer in obese patients: a nationwide, multicenter, propensity score-based analysis of short- and long-term outcomes",Japanese Journal of Clinical Oncology,2025,3890,139,0,0,https://www.ncbi.nlm.nih.gov/pmc/articles/PMC11708209/,1,,0,0
PMC11711115,C:\Users\miked\Desktop2\RIT Info Retriv and Text Mining\project\data\PMC11711115.xml,139,Association of commission on cancer accreditation with receipt of guideline‐concordant care and survival among patients with colon cancer,World Journal of Surgery,2024,4087,165,?,0,https://www.ncbi.nlm.nih.gov/pmc/articles/PMC11711115/,1,,0,0
PMC11711116,C:\Users\miked\Desktop2\RIT Info Retriv and Text Mining\project\data\PMC11711116.xml,92,Long‐term outcomes following the resection of screen‐detected right‐sided colon cancer,World Journal of Surgery,2024,3258,104,0,0,https://www.ncbi.nlm.nih.gov/pmc/articles/PMC11711116/,1,,0,0
PMC11715517,C:\Users\miked\Desktop2\RIT Info Retriv and Text Mining\project\data\PMC11715517.xml,163,Dual anti-HER2 therapy combined with chemotherapy as a novel neoadjuvant treatment option for locally advanced HER2-positive and microsatellite stable colon cancer,Precision Clinical Medicine,2025,1339,67,0,0,https://www.ncbi.nlm.nih.gov/pmc/articles/PMC11715517/,0,editorial,0,0
PMC11717042,C:\Users\miked\Desktop2\RIT Info Retriv and Text Mining\project\data\PMC11717042.xml,60,Study on the Effect of Quinoa Saponins on Human Colon Cancer,Food Science & Nutrition,2024,5391,312,0,0,https://www.ncbi.nlm.nih.gov/pmc/articles/PMC11717042/,1,,0,0
PMC11719978,C:\Users\miked\Desktop2\RIT Info Retriv and Text Mining\project\data\PMC11719978.xml,110,Self-Expandable Metal Stents for Obstructing Colon Cancer and Extracolonic Cancer: A Review of Latest Evidence,Cancers,2024,3900,162,0,0,https://www.ncbi.nlm.nih.gov/pmc/articles/PMC11719978/,1,,0,0
PMC11724780,C:\Users\miked\Desktop2\RIT Info Retriv and Text Mining\project\data\PMC11724780.xml,162,Comparative effectiveness of laparoscopic versus open colectomy in colon cancer patients: a study protocol for emulating a target trial using cancer registry data,Journal of Cancer Research and Clinical Oncology,2025,5162,223,0,0,https://www.ncbi.nlm.nih.gov/pmc/articles/PMC11724780/,1,,0,0
PMC11727511,C:\Users\miked\Desktop2\RIT Info Retriv and Text Mining\project\data\PMC11727511.xml,127,Silencing LY6K Suppresses CD44+ EpCAM+ HCT116 Human Colon Cancer Stem Cells Growth: Insights from In Vitro and In Vivo Evidence,Current Issues in Molecular Biology,2024,3404,168,0,0,https://www.ncbi.nlm.nih.gov/pmc/articles/PMC11727511/,1,,0,0
PMC11729888,C:\Users\miked\Desktop2\RIT Info Retriv and Text Mining\project\data\PMC11729888.xml,104,Transcription factor FOXD1 and miRNA-204-5p play a major role in B4GALNT2 downregulation in colon cancer,Scientific Reports,2025,5670,327,0,0,https://www.ncbi.nlm.nih.gov/pmc/articles/PMC11729888/,1,,0,0
PMC11731802,C:\Users\miked\Desktop2\RIT Info Retriv and Text Mining\project\data\PMC11731802.xml,122,Estimate the relationship between CXCR4-SDF-1 axis and inhibitory molecules (CTLA4 and PD-1) in patients with colon cancer,Narra J,2024,5220,218,0,0,https://www.ncbi.nlm.nih.gov/pmc/articles/PMC11731802/,1,,0,0
PMC11732206,C:\Users\miked\Desktop2\RIT Info Retriv and Text Mining\project\data\PMC11732206.xml,121,Phloretin-nanospanlastics for targeting the Akt/PI3K signaling pathways in dimethylhydrazine-induced colon cancer in mice,International Journal of Pharmaceutics: X,2024,7522,385,0,0,https://www.ncbi.nlm.nih.gov/pmc/articles/PMC11732206/,1,,0,0
PMC11732351,C:\Users\miked\Desktop2\RIT Info Retriv and Text Mining\project\data\PMC11732351.xml,74,Mismatch repair deficiency confers worse survival in stage IV colon cancer,Journal of Gastrointestinal Oncology,2024,4178,121,0,0,https://www.ncbi.nlm.nih.gov/pmc/articles/PMC11732351/,1,,0,0
PMC11732358,C:\Users\miked\Desktop2\RIT Info Retriv and Text Mining\project\data\PMC11732358.xml,136,Erratum to Colon cancer-associated transcript-1 enhances glucose metabolism and colon cancer cell activity in a high-glucose environment,Journal of Gastrointestinal Oncology,2024,145,7,0,0,https://www.ncbi.nlm.nih.gov/pmc/articles/PMC11732358/,0,correction,0,0
PMC11734230,C:\Users\miked\Desktop2\RIT Info Retriv and Text Mining\project\data\PMC11734230.xml,132,Preoperative CT lymph node size as a predictor of nodal metastasis in resectable Colon cancer: a retrospective study of 694 patients,BMC Gastroenterology,2025,4674,172,0,0,https://www.ncbi.nlm.nih.gov/pmc/articles/PMC11734230/,1,,0,0
PMC11735168,C:\Users\miked\Desktop2\RIT Info Retriv and Text Mining\project\data\PMC11735168.xml,108,Optimal extent of lymph node dissection in clinical early-stage right colon cancer: a retrospective analysis,Annals of Surgical Treatment and Research,2025,2886,126,0,0,https://www.ncbi.nlm.nih.gov/pmc/articles/PMC11735168/,1,,0,0
PMC11735479,C:\Users\miked\Desktop2\RIT Info Retriv and Text Mining\project\data\PMC11735479.xml,156,Correction to: Laparoscopic surgery is associated with increased risk of postoperative peritoneal metastases in T4 colon cancer: a propensity score analysis,International Journal of Colorectal Disease,2025,104,6,0,0,https://www.ncbi.nlm.nih.gov/pmc/articles/PMC11735479/,0,correction,0,0
PMC11739105,C:\Users\miked\Desktop2\RIT Info Retriv and Text Mining\project\data\PMC11739105.xml,92,Establishment and characterization of a sigmoid colon cancer organoid with spinal metastasis,Frontiers in Cell and Developmental Biology,2025,5371,284,0,0,https://www.ncbi.nlm.nih.gov/pmc/articles/PMC11739105/,1,,0,0
PMC11739181,C:\Users\miked\Desktop2\RIT Info Retriv and Text Mining\project\data\PMC11739181.xml,101,"FTO effects the proliferation, invasion, and glycolytic metabolism of colon cancer by regulating PKM2",Journal of Cancer Research and Clinical Oncology,2025,6764,372,0,0,https://www.ncbi.nlm.nih.gov/pmc/articles/PMC11739181/,1,,0,0
PMC11741656,C:\Users\miked\Desktop2\RIT Info Retriv and Text Mining\project\data\PMC11741656.xml,128,FBXW7 metabolic reprogramming inhibits the development of colon cancer by down-regulating the activity of arginine/mToR pathways,PLOS ONE,2025,4827,236,0,0,https://www.ncbi.nlm.nih.gov/pmc/articles/PMC11741656/,1,,0,0
PMC11743439,C:\Users\miked\Desktop2\RIT Info Retriv and Text Mining\project\data\PMC11743439.xml,158,Ethanolic Extract of Red Okra Pods Induces Aberrant Spindle Segregation and Apoptotic Cell Death by Disrupting the Wnt Signaling Pathway in Colon Cancer Cells,Iranian Journal of Medical Sciences,2024,3213,151,0,0,https://www.ncbi.nlm.nih.gov/pmc/articles/PMC11743439/,1,,0,0
PMC11747855,C:\Users\miked\Desktop2\RIT Info Retriv and Text Mining\project\data\PMC11747855.xml,180,CMTM4 promotes the motility of colon cancer cells under radiation and is associated with an unfavorable neoadjuvant chemoradiotherapy response and patient survival in rectal cancer,Oncology Letters,2025,5709,317,0,0,https://www.ncbi.nlm.nih.gov/pmc/articles/PMC11747855/,1,,0,0
PMC11749494,C:\Users\miked\Desktop2\RIT Info Retriv and Text Mining\project\data\PMC11749494.xml,188,Value of ctDNA in surveillance of adjuvant chemosensitivity and regimen adjustment in stage III colon cancer: a protocol for phase II multicentre randomised controlled trial (REVISE trial),BMJ Open,2025,2757,113,0,0,https://www.ncbi.nlm.nih.gov/pmc/articles/PMC11749494/,1,,0,0
PMC11753357,C:\Users\miked\Desktop2\RIT Info Retriv and Text Mining\project\data\PMC11753357.xml,137,Chemopreventive Effects of Piper betle (Sirih) on High-Fat Diet-Induced and Azoxymethane-Induced Colon Cancer in Male Sprague-Dawley Rats,Cureus,2024,4603,211,0,0,https://www.ncbi.nlm.nih.gov/pmc/articles/PMC11753357/,1,,1,0
PMC11754278,C:\Users\miked\Desktop2\RIT Info Retriv and Text Mining\project\data\PMC11754278.xml,169,Low skeletal muscle mass as a proxy marker of sarcopenia is a risk factor for major complications in older patients undergoing curative colon resections for colon cancer,Frontiers in Medicine,2025,5831,296,0,0,https://www.ncbi.nlm.nih.gov/pmc/articles/PMC11754278/,1,,0,0
PMC11754409,C:\Users\miked\Desktop2\RIT Info Retriv and Text Mining\project\data\PMC11754409.xml,128,Polydatin enhances oxaliplatin-induced cell death by activating NOX5-ROS-mediated DNA damage and ER stress in colon cancer cells,Frontiers in Pharmacology,2025,5377,238,0,0,https://www.ncbi.nlm.nih.gov/pmc/articles/PMC11754409/,1,,0,0
PMC11755993,C:\Users\miked\Desktop2\RIT Info Retriv and Text Mining\project\data\PMC11755993.xml,86,"Ultra-processed food, obesity, and colon cancer: A systematic review and meta-analysis",World Journal of Gastrointestinal Oncology,2025,3793,132,0,0,https://www.ncbi.nlm.nih.gov/pmc/articles/PMC11755993/,1,,1,0
PMC11756002,C:\Users\miked\Desktop2\RIT Info Retriv and Text Mining\project\data\PMC11756002.xml,95,Clinicopathological and radiological characteristics and prediction of survival in colon cancer,World Journal of Gastrointestinal Oncology,2025,1264,63,0,0,https://www.ncbi.nlm.nih.gov/pmc/articles/PMC11756002/,0,editorial,0,0
PMC11756003,C:\Users\miked\Desktop2\RIT Info Retriv and Text Mining\project\data\PMC11756003.xml,74,Prognosis in stage II colon cancer: Expanding the horizons of risk factors,World Journal of Gastrointestinal Oncology,2025,3054,112,0,0,https://www.ncbi.nlm.nih.gov/pmc/articles/PMC11756003/,0,editorial,0,0
PMC11762008,C:\Users\miked\Desktop2\RIT Info Retriv and Text Mining\project\data\PMC11762008.xml,163,Identification of a metabolic-immune signature associated with prognosis in colon cancer and exploration of potential predictive efficacy of immunotherapy response,Clinical and Experimental Medicine,2025,8324,462,0,0,https://www.ncbi.nlm.nih.gov/pmc/articles/PMC11762008/,1,,0,0
PMC11763530,C:\Users\miked\Desktop2\RIT Info Retriv and Text Mining\project\data\PMC11763530.xml,69,Medicaid Expansion Increases Treatment for Patients with Colon Cancer,Cancers,2025,3402,159,0,0,https://www.ncbi.nlm.nih.gov/pmc/articles/PMC11763530/,1,,0,0
PMC11764117,C:\Users\miked\Desktop2\RIT Info Retriv and Text Mining\project\data\PMC11764117.xml,136,Robotic-Assisted Colon Cancer Surgery: Faster Recovery and Less Pain Compared to Laparoscopy in a Retrospective Propensity-Matched Study,Cancers,2025,4582,213,0,0,https://www.ncbi.nlm.nih.gov/pmc/articles/PMC11764117/,1,,0,1
PMC11764256,C:\Users\miked\Desktop2\RIT Info Retriv and Text Mining\project\data\PMC11764256.xml,104,Alternative Splicing at the Crossroad of Inflammatory Bowel Diseases and Colitis-Associated Colon Cancer,Cancers,2025,5501,211,0,0,https://www.ncbi.nlm.nih.gov/pmc/articles/PMC11764256/,1,,1,0
PMC11765182,C:\Users\miked\Desktop2\RIT Info Retriv and Text Mining\project\data\PMC11765182.xml,165,Effects of Microsatellite Instability on the Clinical and Pathological Characteristics of Colon Cancer and the Diagnostic Accuracy of Preoperative Abdominal CT Scans,Diagnostics,2025,3013,168,0,0,https://www.ncbi.nlm.nih.gov/pmc/articles/PMC11765182/,1,,0,0
PMC11765229,C:\Users\miked\Desktop2\RIT Info Retriv and Text Mining\project\data\PMC11765229.xml,116,Liquid Biopsy and Challenge of Assay Heterogeneity for Minimal Residual Disease Assessment in Colon Cancer Treatment,Genes,2025,4753,196,0,0,https://www.ncbi.nlm.nih.gov/pmc/articles/PMC11765229/,1,,0,0
PMC11765479,C:\Users\miked\Desktop2\RIT Info Retriv and Text Mining\project\data\PMC11765479.xml,115,Bidimensional Increment Entropy for Texture Analysis: Theoretical Validation and Application to Colon Cancer Images,Entropy,2025,5079,267,0,0,https://www.ncbi.nlm.nih.gov/pmc/articles/PMC11765479/,1,,0,0
PMC11767838,C:\Users\miked\Desktop2\RIT Info Retriv and Text Mining\project\data\PMC11767838.xml,94,Changes in Lysine Methylation Contribute to the Cytotoxicity of Curcumin in Colon Cancer Cells,Molecules,2025,3368,122,0,0,https://www.ncbi.nlm.nih.gov/pmc/articles/PMC11767838/,1,,0,0
PMC11769790,C:\Users\miked\Desktop2\RIT Info Retriv and Text Mining\project\data\PMC11769790.xml,135,Effects of acteoside from Cistanche tubulosa on the plasma metabolome of cancer-related fatigue mice inoculated with colon cancer cells,Frontiers in Pharmacology,2025,8704,386,0,0,https://www.ncbi.nlm.nih.gov/pmc/articles/PMC11769790/,1,,0,0
PMC11770084,C:\Users\miked\Desktop2\RIT Info Retriv and Text Mining\project\data\PMC11770084.xml,125,A cross-sectional study on the association between physical activity and the risk of colon cancer based on NHANES 2007–2018,Scientific Reports,2025,3648,172,0,0,https://www.ncbi.nlm.nih.gov/pmc/articles/PMC11770084/,1,,0,0
PMC11770762,C:\Users\miked\Desktop2\RIT Info Retriv and Text Mining\project\data\PMC11770762.xml,139,"Shedding Light on the Prognostic and Predictive Value of Circulating Tumor 
DNA for Management of Patients with 
Early-Stage Colon Cancer",Technology in Cancer Research & Treatment,2025,6082,169,0,0,https://www.ncbi.nlm.nih.gov/pmc/articles/PMC11770762/,1,,0,0
PMC11771895,C:\Users\miked\Desktop2\RIT Info Retriv and Text Mining\project\data\PMC11771895.xml,111,Association between lipid accumulation product and the risk of colon cancer in adults: A population-based study,PLOS ONE,2025,3085,113,0,0,https://www.ncbi.nlm.nih.gov/pmc/articles/PMC11771895/,1,,0,0
PMC11772530,C:\Users\miked\Desktop2\RIT Info Retriv and Text Mining\project\data\PMC11772530.xml,216,"The impact of sleep interventions combined with enhanced nutritional support on sleep quality, nutritional status, pain management, psychological well-being, and quality of life in postoperative colon cancer patients",Journal of Cancer Research and Clinical Oncology,2025,4903,253,0,0,https://www.ncbi.nlm.nih.gov/pmc/articles/PMC11772530/,1,,0,0
PMC11780071,C:\Users\miked\Desktop2\RIT Info Retriv and Text Mining\project\data\PMC11780071.xml,155,Immunological characterization and prognostic of colon cancer evaluated by angiogenesis-related features: a computational analysis and in vitro experiments,Discover Oncology,2025,3874,180,0,0,https://www.ncbi.nlm.nih.gov/pmc/articles/PMC11780071/,1,,0,0
PMC11781174,C:\Users\miked\Desktop2\RIT Info Retriv and Text Mining\project\data\PMC11781174.xml,118,TTC7B triggers the PI4KA-AKT1-RXRA-FTO axis and inhibits colon cancer cell proliferation by increasing RNA methylation,International Journal of Biological Sciences,2025,6095,258,0,0,https://www.ncbi.nlm.nih.gov/pmc/articles/PMC11781174/,1,,0,0
PMC11781745,C:\Users\miked\Desktop2\RIT Info Retriv and Text Mining\project\data\PMC11781745.xml,120,Identification of cuproptosis and ferroptosis-related subtypes and development of a prognostic signature in colon cancer,PLOS ONE,2025,7230,319,0,0,https://www.ncbi.nlm.nih.gov/pmc/articles/PMC11781745/,1,,0,0
PMC11782927,C:\Users\miked\Desktop2\RIT Info Retriv and Text Mining\project\data\PMC11782927.xml,97,Factor analysis of postsurgical gastroparesis syndrome after right hemicolectomy for colon cancer,Oncology Letters,2025,3707,152,0,0,https://www.ncbi.nlm.nih.gov/pmc/articles/PMC11782927/,1,,0,1
PMC11784115,C:\Users\miked\Desktop2\RIT Info Retriv and Text Mining\project\data\PMC11784115.xml,122,Trypsin-instructed bioactive peptide nanodrugs with cascading transformations to improve chemotherapy against colon cancer,Journal of Nanobiotechnology,2025,9664,536,0,0,https://www.ncbi.nlm.nih.gov/pmc/articles/PMC11784115/,1,,0,0
PMC11785039,C:\Users\miked\Desktop2\RIT Info Retriv and Text Mining\project\data\PMC11785039.xml,95,The E2F4 transcriptional repressor is a key mechanistic regulator of colon cancer resistance to,bioRxiv,2025,9545,245,0,0,https://www.ncbi.nlm.nih.gov/pmc/articles/PMC11785039/,1,,0,0
PMC11786040,C:\Users\miked\Desktop2\RIT Info Retriv and Text Mining\project\data\PMC11786040.xml,93,Lymph Node Ratio (LNR) Discriminates Prognostication in pN1a-b and pN2 Stage-III Colon Cancer,Journal of Cancer,2025,1904,91,0,0,https://www.ncbi.nlm.nih.gov/pmc/articles/PMC11786040/,1,,0,0
PMC11786045,C:\Users\miked\Desktop2\RIT Info Retriv and Text Mining\project\data\PMC11786045.xml,93,Metformin Against Herpes Zoster in Colon Cancer Patients with Type 2 Diabetes: A PSM Analysis,Journal of Cancer,2025,4579,174,0,0,https://www.ncbi.nlm.nih.gov/pmc/articles/PMC11786045/,1,,0,0
PMC11787111,C:\Users\miked\Desktop2\RIT Info Retriv and Text Mining\project\data\PMC11787111.xml,112,ANKRD22 participates in the proinflammatory activities of macrophages in the colon cancer tumor microenvironment,"Cancer Immunology, Immunotherapy : CII",2025,6336,353,0,0,https://www.ncbi.nlm.nih.gov/pmc/articles/PMC11787111/,1,,0,0
PMC11790626,C:\Users\miked\Desktop2\RIT Info Retriv and Text Mining\project\data\PMC11790626.xml,161,Implantation of a totally implanted venous device unexpected discovery of left permanent superior vena cava in a patient with sigmoid colon cancer: a case report,Frontiers in Surgery,2025,2051,83,0,0,https://www.ncbi.nlm.nih.gov/pmc/articles/PMC11790626/,1,,0,0
PMC11792360,C:\Users\miked\Desktop2\RIT Info Retriv and Text Mining\project\data\PMC11792360.xml,103,Metformin exerted tumoricidal effects on colon cancer tumoroids via the regulation of autophagy pathway,Stem Cell Research & Therapy,2025,5342,216,0,0,https://www.ncbi.nlm.nih.gov/pmc/articles/PMC11792360/,1,,0,0
PMC11792455,C:\Users\miked\Desktop2\RIT Info Retriv and Text Mining\project\data\PMC11792455.xml,134,Ligilactobacillus salivarius�LZZAY01 accelerated autophagy and apoptosis in colon cancer cells and improved gut microbiota in CAC mice,Microbiology Spectrum,2025,4744,264,0,0,https://www.ncbi.nlm.nih.gov/pmc/articles/PMC11792455/,1,,1,0
PMC11792494,C:\Users\miked\Desktop2\RIT Info Retriv and Text Mining\project\data\PMC11792494.xml,95,Gut colonization of Bacteroides plebeius suppresses colitis-associated colon cancer development,Microbiology Spectrum,2025,7061,345,0,0,https://www.ncbi.nlm.nih.gov/pmc/articles/PMC11792494/,1,,1,0
PMC11792660,C:\Users\miked\Desktop2\RIT Info Retriv and Text Mining\project\data\PMC11792660.xml,195,Oncologic oUTcomes of neoadjuvant chemotherapy for obSTructive colon cAncer after steNt decompression (OUTSTAND trial); A study protocol of multicenter non-inferiority randomized controlled trial,BMC Cancer,2025,4300,195,0,0,https://www.ncbi.nlm.nih.gov/pmc/articles/PMC11792660/,1,,0,0
PMC11794397,C:\Users\miked\Desktop2\RIT Info Retriv and Text Mining\project\data\PMC11794397.xml,167,COLOR IV: a multicenter randomized clinical trial comparing intracorporeal and extracorporeal ileocolic anastomosis after laparoscopic right colectomy for colon cancer,Surgical Endoscopy,2024,3525,164,0,0,https://www.ncbi.nlm.nih.gov/pmc/articles/PMC11794397/,1,,0,0
PMC11794788,C:\Users\miked\Desktop2\RIT Info Retriv and Text Mining\project\data\PMC11794788.xml,180,Ex vivo biotransformation of lady�s mantle extracts via the human gut microbiota: the formation of phenolic metabolites and their impact on human normal and colon cancer cell lines,Frontiers in Pharmacology,2025,5074,174,0,0,https://www.ncbi.nlm.nih.gov/pmc/articles/PMC11794788/,1,,1,0
PMC11799379,C:\Users\miked\Desktop2\RIT Info Retriv and Text Mining\project\data\PMC11799379.xml,124,"The relationship between tumour necrosis, systemic inflammation, body composition and survival in patients with colon cancer",BJC Reports,2025,4230,139,0,0,https://www.ncbi.nlm.nih.gov/pmc/articles/PMC11799379/,1,,0,0
PMC11799722,C:\Users\miked\Desktop2\RIT Info Retriv and Text Mining\project\data\PMC11799722.xml,42,Unusual brain metastasis from colon cancer,Surgical Neurology International,2025,2179,84,0,0,https://www.ncbi.nlm.nih.gov/pmc/articles/PMC11799722/,1,,0,0
PMC11802797,C:\Users\miked\Desktop2\RIT Info Retriv and Text Mining\project\data\PMC11802797.xml,118,Myeloid Mir34a suppresses colitis-associated colon cancer: characterization of mediators by single-cell RNA sequencing,Cell Death and Differentiation,2024,8069,492,0,0,https://www.ncbi.nlm.nih.gov/pmc/articles/PMC11802797/,1,,0,0
PMC11807070,C:\Users\miked\Desktop2\RIT Info Retriv and Text Mining\project\data\PMC11807070.xml,132,Retraction Note: NR3C2 affects the proliferation and invasiveness of colon cancer cells through the Wnt/β-Catenin signaling pathway,Journal of Cancer Research and Clinical Oncology,2025,116,5,0,0,https://www.ncbi.nlm.nih.gov/pmc/articles/PMC11807070/,0,retraction,0,0
PMC11807072,C:\Users\miked\Desktop2\RIT Info Retriv and Text Mining\project\data\PMC11807072.xml,117,Inhibiting HSP90 changes the expression pattern of PINK1 and BNIP3 and induces oxidative stress in colon cancer cells,Molecular Biology Reports,2025,4044,179,0,0,https://www.ncbi.nlm.nih.gov/pmc/articles/PMC11807072/,1,,0,0
PMC11807503,C:\Users\miked\Desktop2\RIT Info Retriv and Text Mining\project\data\PMC11807503.xml,115,A121 DEVELOPMENT OF COLON CANCER MODELS TO STUDY THE INTERACTION BETWEEN CANCER STEM CELLS AND THE MICROENVIRONMENT,Journal of the Canadian Association of Gastroenterology,2025,361,16,0,0,https://www.ncbi.nlm.nih.gov/pmc/articles/PMC11807503/,0,abstract,0,0
PMC11811762,C:\Users\miked\Desktop2\RIT Info Retriv and Text Mining\project\data\PMC11811762.xml,139,Correction to ‘ARID1A downregulation promotes cell proliferation and migration of colon cancer via VIM activation and CDH1 suppression’,Journal of Cellular and Molecular Medicine,2025,105,9,0,0,https://www.ncbi.nlm.nih.gov/pmc/articles/PMC11811762/,0,correction,0,0
PMC11814099,C:\Users\miked\Desktop2\RIT Info Retriv and Text Mining\project\data\PMC11814099.xml,110,Bafilomycin A1 induces colon cancer cell death through impairment of the endolysosome system dependent on iron,Scientific Reports,2025,4827,284,0,0,https://www.ncbi.nlm.nih.gov/pmc/articles/PMC11814099/,1,,0,0
PMC11815772,C:\Users\miked\Desktop2\RIT Info Retriv and Text Mining\project\data\PMC11815772.xml,131,Integrin α3β1 Is Not Required for Onset of Dysplasia in Genetic Model of Colon Cancer but Promotes Motility of Colon Cancer Cells,Cancers,2025,5460,206,0,0,https://www.ncbi.nlm.nih.gov/pmc/articles/PMC11815772/,1,,0,0
PMC11816266,C:\Users\miked\Desktop2\RIT Info Retriv and Text Mining\project\data\PMC11816266.xml,103,Apatinib Degrades PD-L1 and Reconstitutes Colon Cancer Microenvironment via the Regulation of Myoferlin,Cancers,2025,6239,325,?,0,https://www.ncbi.nlm.nih.gov/pmc/articles/PMC11816266/,1,,0,0
PMC11817846,C:\Users\miked\Desktop2\RIT Info Retriv and Text Mining\project\data\PMC11817846.xml,87,Right-Sided Versus Left-Sided Colon Cancer—A 5-Year Single-Center Observational Study,Cancers,2025,4586,227,0,0,https://www.ncbi.nlm.nih.gov/pmc/articles/PMC11817846/,1,,0,0
PMC11821778,C:\Users\miked\Desktop2\RIT Info Retriv and Text Mining\project\data\PMC11821778.xml,141,The edible ethanol extract of Rosa hybrida suppresses colon cancer progression by inhibiting the proliferation-cell signaling-metastasis axis,Nutrition Research and Practice,2025,4894,260,?,0,https://www.ncbi.nlm.nih.gov/pmc/articles/PMC11821778/,1,,0,0
PMC11823094,C:\Users\miked\Desktop2\RIT Info Retriv and Text Mining\project\data\PMC11823094.xml,127,Unveiling the prognostic significance of RNA editing-related genes in colon cancer: evidence from bioinformatics and experiment,European Journal of Medical Research,2025,4705,266,0,0,https://www.ncbi.nlm.nih.gov/pmc/articles/PMC11823094/,1,,0,0
PMC11825529,C:\Users\miked\Desktop2\RIT Info Retriv and Text Mining\project\data\PMC11825529.xml,83,Adjuvant Chemotherapy for High-Risk Stage II Colon Cancer: A Population-Based Study,Journal of Gastrointestinal Cancer,2025,2468,86,0,0,https://www.ncbi.nlm.nih.gov/pmc/articles/PMC11825529/,1,,0,0
PMC11827514,C:\Users\miked\Desktop2\RIT Info Retriv and Text Mining\project\data\PMC11827514.xml,84,A Rare Case of Triple Primary Malignant Neoplasms (RCC and Colon Cancer) Detected by,Molecular Imaging and Radionuclide Therapy,2025,17,2,0,0,https://www.ncbi.nlm.nih.gov/pmc/articles/PMC11827514/,0,abstract,0,0
PMC11827549,C:\Users\miked\Desktop2\RIT Info Retriv and Text Mining\project\data\PMC11827549.xml,86,Narrative review of neoadjuvant therapy in patients with locally advanced colon cancer,The Kaohsiung Journal of Medical Sciences,2024,4228,143,0,0,https://www.ncbi.nlm.nih.gov/pmc/articles/PMC11827549/,1,,0,0
PMC11829933,C:\Users\miked\Desktop2\RIT Info Retriv and Text Mining\project\data\PMC11829933.xml,98,TFAP2A-regulated CRNDE enhances colon cancer progression and chemoresistance via RIPK3 interaction,Functional & Integrative Genomics,2025,5098,308,0,0,https://www.ncbi.nlm.nih.gov/pmc/articles/PMC11829933/,1,,0,0
PMC11830282,C:\Users\miked\Desktop2\RIT Info Retriv and Text Mining\project\data\PMC11830282.xml,109,Perforated colon cancer complicated by necrotizing soft tissue infection: A case report and literature review,IDCases,2025,2896,129,0,0,https://www.ncbi.nlm.nih.gov/pmc/articles/PMC11830282/,1,,0,0
PMC11831619,C:\Users\miked\Desktop2\RIT Info Retriv and Text Mining\project\data\PMC11831619.xml,98,Inequities in the Time to Colon Cancer Diagnosis Among Individuals With Severe Psychiatric Illness,Cancer Medicine,2025,4619,148,0,0,https://www.ncbi.nlm.nih.gov/pmc/articles/PMC11831619/,1,,0,0
PMC11833359,C:\Users\miked\Desktop2\RIT Info Retriv and Text Mining\project\data\PMC11833359.xml,107,A predictive nomogram for predicting liver metastasis in early-onset colon cancer: a population-based study,Translational Cancer Research,2025,2782,101,0,0,https://www.ncbi.nlm.nih.gov/pmc/articles/PMC11833359/,1,,0,0
PMC11833362,C:\Users\miked\Desktop2\RIT Info Retriv and Text Mining\project\data\PMC11833362.xml,225,"Development of a nomogram predicting perineural invasion risk and assessment of the prognostic value of perineural invasion in colon cancer: a population study based on the Surveillance, Epidemiology, and End Results database",Translational Cancer Research,2025,4825,164,0,0,https://www.ncbi.nlm.nih.gov/pmc/articles/PMC11833362/,1,,0,0
PMC11833425,C:\Users\miked\Desktop2\RIT Info Retriv and Text Mining\project\data\PMC11833425.xml,99,Development and validation of a prognostic model based on disulfidptosis-related ferroptosis genes:,Translational Cancer Research,2025,5941,275,0,0,https://www.ncbi.nlm.nih.gov/pmc/articles/PMC11833425/,1,,0,0
PMC11833620,C:\Users\miked\Desktop2\RIT Info Retriv and Text Mining\project\data\PMC11833620.xml,104,Identification and exploration of anticancer activity of novel peptides isolated from the edible bivalve,Toxicology Reports,2025,6033,271,0,0,https://www.ncbi.nlm.nih.gov/pmc/articles/PMC11833620/,1,,0,0
PMC11834688,C:\Users\miked\Desktop2\RIT Info Retriv and Text Mining\project\data\PMC11834688.xml,122,Genetic analysis for diagnosing local recurrence of sigmoid colon cancer mimicking a small intestinal tumor: a case report,World Journal of Surgical Oncology,2025,2219,118,0,0,https://www.ncbi.nlm.nih.gov/pmc/articles/PMC11834688/,1,,0,0
PMC11836420,C:\Users\miked\Desktop2\RIT Info Retriv and Text Mining\project\data\PMC11836420.xml,198,"Age-related differences in staging, treatment and net survival in relation to frailty in adults with colon cancer in England: an analysis of the COloRECTal cancer data repository (CORECT-R) resource",Age and Ageing,2025,2849,109,0,0,https://www.ncbi.nlm.nih.gov/pmc/articles/PMC11836420/,1,,0,0
PMC11837961,C:\Users\miked\Desktop2\RIT Info Retriv and Text Mining\project\data\PMC11837961.xml,163,The Value of Infrapyloric Lymph Nodes Dissection in Right Hemicolectomy for Hepatic Flexure Colon Cancer: A Multicenter Analysis Based on Propensity Score Matching,Diseases of the Colon and Rectum,2024,5732,209,0,0,https://www.ncbi.nlm.nih.gov/pmc/articles/PMC11837961/,1,,0,0
PMC11842171,C:\Users\miked\Desktop2\RIT Info Retriv and Text Mining\project\data\PMC11842171.xml,155,Laparoscopic Sigmoidectomy in a Male Colon Cancer Patient With Pelvic Arteriovenous Malformation Using Preoperative Interventional Radiology: A Case Report,Asian Journal of Endoscopic Surgery,2025,1737,118,0,0,https://www.ncbi.nlm.nih.gov/pmc/articles/PMC11842171/,1,,0,0
PMC11842742,C:\Users\miked\Desktop2\RIT Info Retriv and Text Mining\project\data\PMC11842742.xml,166,"Comprehensive analysis of mitochondrial-related gene signature for prognosis, tumor immune microenvironment evaluation, and candidate drug development in colon cancer",Scientific Reports,2025,6994,420,0,0,https://www.ncbi.nlm.nih.gov/pmc/articles/PMC11842742/,1,,0,0
PMC11842877,C:\Users\miked\Desktop2\RIT Info Retriv and Text Mining\project\data\PMC11842877.xml,73,Spontaneous Regression of Advanced Transverse Colon Cancer: A Case Report,Surgical Case Reports,2025,2277,77,0,0,https://www.ncbi.nlm.nih.gov/pmc/articles/PMC11842877/,1,,0,0
PMC11844013,C:\Users\miked\Desktop2\RIT Info Retriv and Text Mining\project\data\PMC11844013.xml,149,"Calcium electroporation induces stress response through upregulation of HSP27, HSP70, aspartate β-hydroxylase, and CD133 in human colon cancer cells",Biological Research,2025,5730,257,0,0,https://www.ncbi.nlm.nih.gov/pmc/articles/PMC11844013/,1,,0,0
PMC11845748,C:\Users\miked\Desktop2\RIT Info Retriv and Text Mining\project\data\PMC11845748.xml,126,Predicting immunotherapy prognosis and targeted therapy sensitivity of colon cancer based on a CAF-related molecular signature,Scientific Reports,2025,7730,458,0,0,https://www.ncbi.nlm.nih.gov/pmc/articles/PMC11845748/,1,,0,0
PMC11846493,C:\Users\miked\Desktop2\RIT Info Retriv and Text Mining\project\data\PMC11846493.xml,72,Clinical and genetic drivers of oligo-metastatic disease in colon cancer,"Neoplasia (New York, N.Y.)",2024,5098,228,0,0,https://www.ncbi.nlm.nih.gov/pmc/articles/PMC11846493/,1,,0,0
PMC11847703,C:\Users\miked\Desktop2\RIT Info Retriv and Text Mining\project\data\PMC11847703.xml,92,High-performance CT features supporting accurate pre-operative tumor staging in colon cancer,Frontiers in Oncology,2025,6070,234,0,0,https://www.ncbi.nlm.nih.gov/pmc/articles/PMC11847703/,1,,0,0
PMC11848238,C:\Users\miked\Desktop2\RIT Info Retriv and Text Mining\project\data\PMC11848238.xml,168,The association of physical activity with survival in colon cancer versus a matched general population: Data from Cancer and Leukemia Group B 89803 and 80702 (Alliance),Cancer,2025,4061,142,0,0,https://www.ncbi.nlm.nih.gov/pmc/articles/PMC11848238/,1,,0,0
PMC11850810,C:\Users\miked\Desktop2\RIT Info Retriv and Text Mining\project\data\PMC11850810.xml,105,Re-examining the optimal extent of lymph node dissection for colon cancer using the lymphadenectomy index,Scientific Reports,2025,3144,126,0,0,https://www.ncbi.nlm.nih.gov/pmc/articles/PMC11850810/,1,,0,0
PMC11853328,C:\Users\miked\Desktop2\RIT Info Retriv and Text Mining\project\data\PMC11853328.xml,98,Green Tea Components: In Vitro and In Vivo Evidence for Their Anticancer Potential in Colon Cancer,Cancers,2025,10153,424,0,0,https://www.ncbi.nlm.nih.gov/pmc/articles/PMC11853328/,1,,0,0
PMC11854478,C:\Users\miked\Desktop2\RIT Info Retriv and Text Mining\project\data\PMC11854478.xml,183,Novel Pathways of Oxidative and Nitrosative Inactivation of the Human MGMT Protein in Colon Cancer and Glioblastoma Cells: Increased Efficacy of Alkylating Agents In Vitro and In Vivo,Diseases,2025,5863,276,0,0,https://www.ncbi.nlm.nih.gov/pmc/articles/PMC11854478/,1,,0,0
PMC11855940,C:\Users\miked\Desktop2\RIT Info Retriv and Text Mining\project\data\PMC11855940.xml,132,Enhanced Lymph Node Detection in Colon Cancer Using Indocyanine Green Fluorescence: A Systematic Review of Studies from 2020 Onwards,Journal of Personalized Medicine,2025,4735,292,0,0,https://www.ncbi.nlm.nih.gov/pmc/articles/PMC11855940/,1,,0,0
PMC11858825,C:\Users\miked\Desktop2\RIT Info Retriv and Text Mining\project\data\PMC11858825.xml,177,Phaseolus acutifolius Recombinant Lectin Exerts Differential Proapoptotic Activity on EGFR+ and EGFR? Colon Cancer Cells and Provokes T Cell-Assisted Antitumor Responses in Mice,Pharmaceuticals,2025,6872,264,0,0,https://www.ncbi.nlm.nih.gov/pmc/articles/PMC11858825/,1,,0,0
PMC11859487,C:\Users\miked\Desktop2\RIT Info Retriv and Text Mining\project\data\PMC11859487.xml,98,"Nano-Radiopharmaceuticals in Colon Cancer: Current Applications, Challenges, and Future Directions",Pharmaceuticals,2025,8942,421,0,0,https://www.ncbi.nlm.nih.gov/pmc/articles/PMC11859487/,1,,0,0
PMC11859493,C:\Users\miked\Desktop2\RIT Info Retriv and Text Mining\project\data\PMC11859493.xml,103,Intestinal Probiotic Lysate Modified Bifunctional Nanoparticle for Efficient Colon Cancer Immunotherapy,Pharmaceutics,2025,6366,349,0,0,https://www.ncbi.nlm.nih.gov/pmc/articles/PMC11859493/,1,,1,0
PMC11861115,C:\Users\miked\Desktop2\RIT Info Retriv and Text Mining\project\data\PMC11861115.xml,78,Prognostic value of folate-associated gene expression in stage II colon cancer,Journal of Cancer Research and Clinical Oncology,2025,4303,210,0,0,https://www.ncbi.nlm.nih.gov/pmc/articles/PMC11861115/,1,,0,0
PMC11866233,C:\Users\miked\Desktop2\RIT Info Retriv and Text Mining\project\data\PMC11866233.xml,92,Assessment of new pathological markers in early stage colon cancer: Insights and limitations,World Journal of Gastrointestinal Oncology,2025,3366,152,0,0,https://www.ncbi.nlm.nih.gov/pmc/articles/PMC11866233/,1,,0,0
PMC11866241,C:\Users\miked\Desktop2\RIT Info Retriv and Text Mining\project\data\PMC11866241.xml,128,Penile metastasis from colon cancer with BRAFV600E mutation treated with BRAF/MEK-targeted therapy plus cetuximab: A case report,World Journal of Gastrointestinal Oncology,2025,2706,127,0,0,https://www.ncbi.nlm.nih.gov/pmc/articles/PMC11866241/,1,,0,0
PMC11866253,C:\Users\miked\Desktop2\RIT Info Retriv and Text Mining\project\data\PMC11866253.xml,116,Is intraperitoneal isoperistaltic side-to-side anastomosis a safe surgical procedure in radical colon cancer surgery,World Journal of Gastrointestinal Oncology,2025,4575,150,0,0,https://www.ncbi.nlm.nih.gov/pmc/articles/PMC11866253/,1,,0,0
PMC11866310,C:\Users\miked\Desktop2\RIT Info Retriv and Text Mining\project\data\PMC11866310.xml,151,Licorice Extract Isoliquiritigenin Increased Cytosol Calcium and Induced Apoptosis in Colon Cancer Cells via Transient Receptor Potential Vanilloid‐1,Cancer Medicine,2025,3794,218,0,0,https://www.ncbi.nlm.nih.gov/pmc/articles/PMC11866310/,1,,0,0
PMC11866619,C:\Users\miked\Desktop2\RIT Info Retriv and Text Mining\project\data\PMC11866619.xml,89,Total cardiolipin levels in gastric and colon cancer: evaluating the prognostic potential,Lipids in Health and Disease,2025,5552,245,0,0,https://www.ncbi.nlm.nih.gov/pmc/articles/PMC11866619/,1,,0,0
PMC11867542,C:\Users\miked\Desktop2\RIT Info Retriv and Text Mining\project\data\PMC11867542.xml,114,Mitochondria-targeted photothermal-chemodynamic therapy enhances checkpoint blockade immunotherapy on colon cancer,Materials Today Bio,2025,7703,390,0,0,https://www.ncbi.nlm.nih.gov/pmc/articles/PMC11867542/,1,,0,0
PMC11868267,C:\Users\miked\Desktop2\RIT Info Retriv and Text Mining\project\data\PMC11868267.xml,149,"Editorial: The impact of specific environmental exposures on breast, lung, and colon cancer: advancing public health strategies for enhanced outcomes",Frontiers in Public Health,2025,1654,69,0,0,https://www.ncbi.nlm.nih.gov/pmc/articles/PMC11868267/,0,editorial,0,0
PMC11869571,C:\Users\miked\Desktop2\RIT Info Retriv and Text Mining\project\data\PMC11869571.xml,140,"Roux-en-Y gastric bypass-associated fecal tyramine promotes colon cancer risk via increased DNA damage, cell proliferation, and inflammation",Microbiome,2025,9799,500,0,0,https://www.ncbi.nlm.nih.gov/pmc/articles/PMC11869571/,1,,1,0
PMC11869699,C:\Users\miked\Desktop2\RIT Info Retriv and Text Mining\project\data\PMC11869699.xml,179,Clinical comparative study of the modified superior mesenteric artery approach in total laparoscopic radical resection for right colon cancer - a single-center retrospective study,World Journal of Surgical Oncology,2025,3974,145,0,0,https://www.ncbi.nlm.nih.gov/pmc/articles/PMC11869699/,1,,0,0
PMC11869718,C:\Users\miked\Desktop2\RIT Info Retriv and Text Mining\project\data\PMC11869718.xml,153,Clinical application of three-dimensional printing technology in laparoscopic right hemicolectomy for colon cancer: a pilot study and video demonstration,3D Printing in Medicine,2025,3592,144,0,0,https://www.ncbi.nlm.nih.gov/pmc/articles/PMC11869718/,1,,0,0
PMC11869867,C:\Users\miked\Desktop2\RIT Info Retriv and Text Mining\project\data\PMC11869867.xml,124,Impact of sleep deprivation on colon cancer: Unraveling the KynA-P4HA2-HIF-1α axis in tumor lipid metabolism and metastasis,Molecular Metabolism,2025,9388,503,0,0,https://www.ncbi.nlm.nih.gov/pmc/articles/PMC11869867/,1,,1,0
PMC11873530,C:\Users\miked\Desktop2\RIT Info Retriv and Text Mining\project\data\PMC11873530.xml,121,Impact of hospital volume on survival in patients with locally advanced colon cancer – A Dutch population‐based study,Colorectal Disease,2025,5287,188,0,0,https://www.ncbi.nlm.nih.gov/pmc/articles/PMC11873530/,1,,0,0
PMC11874721,C:\Users\miked\Desktop2\RIT Info Retriv and Text Mining\project\data\PMC11874721.xml,137,Circular RNA pappalysin-1 enhances glycolysis via microRNA-656-3p targeting G-protein subunit gamma-5 to promote colon cancer progression,Clinics,2025,3181,122,0,0,https://www.ncbi.nlm.nih.gov/pmc/articles/PMC11874721/,1,,0,0
PMC11874797,C:\Users\miked\Desktop2\RIT Info Retriv and Text Mining\project\data\PMC11874797.xml,136,TMEM52B-derived peptides inhibit generation of soluble E-cadherin and EGFR activity to suppress colon cancer growth and early metastasis,Journal of Translational Medicine,2025,6547,314,0,0,https://www.ncbi.nlm.nih.gov/pmc/articles/PMC11874797/,1,,0,0
PMC11881248,C:\Users\miked\Desktop2\RIT Info Retriv and Text Mining\project\data\PMC11881248.xml,118,Exosomal miR-125b-5p derived from mesenchymal stromal/stem cell enhances anti-PD-1 therapy in mouse colon cancer model,Stem Cell Research & Therapy,2025,3432,164,0,0,https://www.ncbi.nlm.nih.gov/pmc/articles/PMC11881248/,1,,0,0
PMC11881837,C:\Users\miked\Desktop2\RIT Info Retriv and Text Mining\project\data\PMC11881837.xml,192,The immunopeptidome of colon cancer cells treated with topoisomerase inhibiting drug reveals differential as well as common endogenous protein sampling and display of MHC I-associated peptides,Molecular & Cellular Oncology,2025,4584,154,0,0,https://www.ncbi.nlm.nih.gov/pmc/articles/PMC11881837/,1,,0,0
PMC11882678,C:\Users\miked\Desktop2\RIT Info Retriv and Text Mining\project\data\PMC11882678.xml,208,Correction: Neoadjuvant Immunotherapy Followed by Surgery Compared with Upfront Surgery Alone in Operable Colon Cancer with Deficient Mismatch Repair: Modeling Oncological Outcomes and Numbers Needed to Treat,Annals of Surgical Oncology,2025,28,3,0,0,https://www.ncbi.nlm.nih.gov/pmc/articles/PMC11882678/,0,correction,0,0
PMC11883157,C:\Users\miked\Desktop2\RIT Info Retriv and Text Mining\project\data\PMC11883157.xml,117,Editorial: Experimental and computational methods in the development of diagnostics and therapeutics for colon cancer,Frontiers in Molecular Biosciences,2025,629,39,0,0,https://www.ncbi.nlm.nih.gov/pmc/articles/PMC11883157/,0,editorial,0,0
PMC11883960,C:\Users\miked\Desktop2\RIT Info Retriv and Text Mining\project\data\PMC11883960.xml,103,HAS-CIRCpedia-5280 sponges miR-4712-5p inhibited colon cancer autophagyinduced by human beta-defensin-1,Journal of Translational Medicine,2025,3569,235,0,0,https://www.ncbi.nlm.nih.gov/pmc/articles/PMC11883960/,1,,1,0
PMC11885055,C:\Users\miked\Desktop2\RIT Info Retriv and Text Mining\project\data\PMC11885055.xml,142,"Integration of lipidomics with targeted, single cell, and spatial transcriptomics defines an unresolved pro-inflammatory state in colon cancer",Gut,2024,8650,323,0,0,https://www.ncbi.nlm.nih.gov/pmc/articles/PMC11885055/,1,,1,0
PMC11887011,C:\Users\miked\Desktop2\RIT Info Retriv and Text Mining\project\data\PMC11887011.xml,216,"Prior antibiotics exposure is associated with an elevated risk of surgical site infections, including anastomotic leakage, after colon cancer but not rectal cancer surgery: A register‐based study of 38,839 patients",International Journal of Cancer,2024,5935,184,0,0,https://www.ncbi.nlm.nih.gov/pmc/articles/PMC11887011/,1,,1,0
PMC11887163,C:\Users\miked\Desktop2\RIT Info Retriv and Text Mining\project\data\PMC11887163.xml,92,CNPY3’s regulation of tumor microenvironment and its impact on colon cancer aggressiveness,Molecular Medicine,2025,4790,305,0,0,https://www.ncbi.nlm.nih.gov/pmc/articles/PMC11887163/,1,,0,0
PMC11888798,C:\Users\miked\Desktop2\RIT Info Retriv and Text Mining\project\data\PMC11888798.xml,35,Familial Polyposis and Colon Cancer,South Asian Journal of Cancer,2025,1980,82,0,0,https://www.ncbi.nlm.nih.gov/pmc/articles/PMC11888798/,1,,0,0
PMC11888808,C:\Users\miked\Desktop2\RIT Info Retriv and Text Mining\project\data\PMC11888808.xml,71,Adjuvant Chemotherapy in Colon Cancer: Simple is Better… Less is More,South Asian Journal of Cancer,2025,2475,115,0,0,https://www.ncbi.nlm.nih.gov/pmc/articles/PMC11888808/,1,,0,0
PMC11888812,C:\Users\miked\Desktop2\RIT Info Retriv and Text Mining\project\data\PMC11888812.xml,71,Complete Mesocolic Excision for Colon Cancer: The New Standard of Care?,South Asian Journal of Cancer,2025,4318,207,0,0,https://www.ncbi.nlm.nih.gov/pmc/articles/PMC11888812/,1,,0,1
PMC11890774,C:\Users\miked\Desktop2\RIT Info Retriv and Text Mining\project\data\PMC11890774.xml,123,Self-supervised learning reveals clinically relevant histomorphological patterns for therapeutic strategies in colon cancer,Nature Communications,2025,10612,558,0,0,https://www.ncbi.nlm.nih.gov/pmc/articles/PMC11890774/,1,,0,0
PMC11891133,C:\Users\miked\Desktop2\RIT Info Retriv and Text Mining\project\data\PMC11891133.xml,51,SMURF1: a promising target for colon cancer therapy,Protein & Cell,2025,1833,63,0,0,https://www.ncbi.nlm.nih.gov/pmc/articles/PMC11891133/,1,,0,0
PMC11894935,C:\Users\miked\Desktop2\RIT Info Retriv and Text Mining\project\data\PMC11894935.xml,94,Dynamics of the microbiota in right-sided colon cancer patients: pre- and post-tumor resection,Annals of Coloproctology,2025,673,27,0,0,https://www.ncbi.nlm.nih.gov/pmc/articles/PMC11894935/,0,editorial,0,0
PMC11894938,C:\Users\miked\Desktop2\RIT Info Retriv and Text Mining\project\data\PMC11894938.xml,106,The effect of tumor resection on intestinal microbiota dysbiosis in patients with right-sided colon cancer,Annals of Coloproctology,2025,3822,168,0,0,https://www.ncbi.nlm.nih.gov/pmc/articles/PMC11894938/,1,,1,0
PMC11895621,C:\Users\miked\Desktop2\RIT Info Retriv and Text Mining\project\data\PMC11895621.xml,231,Correction to “LncRNA MYLK antisense RNA 1 activates cell division cycle 42/Neutal Wiskott–Aldrich syndrome protein pathway via microRNA‐101‐5p to accelerate epithelial‐to‐mesenchymal transition of colon cancer cells”,The Kaohsiung Journal of Medical Sciences,2024,110,7,0,0,https://www.ncbi.nlm.nih.gov/pmc/articles/PMC11895621/,0,correction,0,0
PMC11897604,C:\Users\miked\Desktop2\RIT Info Retriv and Text Mining\project\data\PMC11897604.xml,114,Short-term surgical outcomes of robot-assisted colectomy for colon cancer using the hinotori Surgical Robot System,Annals of Coloproctology,2025,1264,69,0,0,https://www.ncbi.nlm.nih.gov/pmc/articles/PMC11897604/,1,,0,1
PMC11898089,C:\Users\miked\Desktop2\RIT Info Retriv and Text Mining\project\data\PMC11898089.xml,103,Dissociation between the expression of cGAS/STING and a senescence-associated signature in colon cancer,International Journal of Immunopathology and Pharmacology,2025,5132,182,0,0,https://www.ncbi.nlm.nih.gov/pmc/articles/PMC11898089/,1,,0,0
PMC11898227,C:\Users\miked\Desktop2\RIT Info Retriv and Text Mining\project\data\PMC11898227.xml,133,Mechanism Study of Bufalin Reversal of Drug Resistance by Inhibiting Hypoxic Colon Cancer Cell-Induced Polarization of M2 Macrophages,Integrative Cancer Therapies,2025,3939,171,0,0,https://www.ncbi.nlm.nih.gov/pmc/articles/PMC11898227/,1,,0,0
PMC11906589,C:\Users\miked\Desktop2\RIT Info Retriv and Text Mining\project\data\PMC11906589.xml,75,Comprehensive genomic dependency landscape of a human colon cancer organoid,Communications Biology,2025,7117,336,0,0,https://www.ncbi.nlm.nih.gov/pmc/articles/PMC11906589/,1,,0,0
PMC11907002,C:\Users\miked\Desktop2\RIT Info Retriv and Text Mining\project\data\PMC11907002.xml,90,A dynamic nomogram predicting nosocomial infections in patients after colon cancer surgery,Frontiers in Oncology,2025,4330,176,0,0,https://www.ncbi.nlm.nih.gov/pmc/articles/PMC11907002/,1,,0,0
PMC11907261,C:\Users\miked\Desktop2\RIT Info Retriv and Text Mining\project\data\PMC11907261.xml,119,The Long Noncoding RNA DUXAP8 Facilitates the Malignant Progression of Colon Cancer via the microRNA-378a-3p/FOXQ1 Axis,Gut and Liver,2025,4585,239,0,0,https://www.ncbi.nlm.nih.gov/pmc/articles/PMC11907261/,1,,0,0
PMC11909863,C:\Users\miked\Desktop2\RIT Info Retriv and Text Mining\project\data\PMC11909863.xml,77,Factors associated with lymph node metastasis and survival in T2 colon cancer,BMC Gastroenterology,2025,3929,182,0,0,https://www.ncbi.nlm.nih.gov/pmc/articles/PMC11909863/,1,,0,0
PMC11911208,C:\Users\miked\Desktop2\RIT Info Retriv and Text Mining\project\data\PMC11911208.xml,144,Prognostic impact of visceral and subcutaneous fat area in stage I-III colon cancer patients with cachexia: a population-based multicenter study,Frontiers in Nutrition,2025,3038,119,0,0,https://www.ncbi.nlm.nih.gov/pmc/articles/PMC11911208/,1,,0,0
PMC11913854,C:\Users\miked\Desktop2\RIT Info Retriv and Text Mining\project\data\PMC11913854.xml,160,Acetylated Dendrobium huoshanense polysaccharide: a novel inducer of apoptosis in colon cancer cells via Fas�FasL pathway activation and metabolic reprogramming,Frontiers in Oncology,2025,6257,295,0,0,https://www.ncbi.nlm.nih.gov/pmc/articles/PMC11913854/,1,,0,0
PMC11915798,C:\Users\miked\Desktop2\RIT Info Retriv and Text Mining\project\data\PMC11915798.xml,112,Multi-omics analysis reveals associations between gut microbiota and host transcriptome in colon cancer patients,mSystems,2025,5264,292,0,0,https://www.ncbi.nlm.nih.gov/pmc/articles/PMC11915798/,1,,1,0
PMC11919874,C:\Users\miked\Desktop2\RIT Info Retriv and Text Mining\project\data\PMC11919874.xml,81,The role of intestinal macrophage polarization in colitis-associated colon cancer,Frontiers in Immunology,2025,9909,438,0,0,https://www.ncbi.nlm.nih.gov/pmc/articles/PMC11919874/,1,,1,0
PMC11920356,C:\Users\miked\Desktop2\RIT Info Retriv and Text Mining\project\data\PMC11920356.xml,165,Development and validation of cancer-specific survival prediction nomogram for patients with T4 stage colon cancer after surgical resection: a population-based study,International Journal of Colorectal Disease,2025,3793,160,0,0,https://www.ncbi.nlm.nih.gov/pmc/articles/PMC11920356/,1,,0,0
PMC11920466,C:\Users\miked\Desktop2\RIT Info Retriv and Text Mining\project\data\PMC11920466.xml,147,Disulfidptosis-based molecular clustering and prognostic signatures predict patient survival and the immune landscape in patients with colon cancer,Discover Oncology,2025,4193,212,0,0,https://www.ncbi.nlm.nih.gov/pmc/articles/PMC11920466/,1,,0,0
PMC11920779,C:\Users\miked\Desktop2\RIT Info Retriv and Text Mining\project\data\PMC11920779.xml,154,"Isoegomaketone improves radiotherapy efficacy and intestinal injury by regulating apoptosis, autophagy and PI3K/AKT/mTOR signaling in a colon cancer model",Oncology Reports,2025,5216,292,0,0,https://www.ncbi.nlm.nih.gov/pmc/articles/PMC11920779/,1,,0,0
PMC11921172,C:\Users\miked\Desktop2\RIT Info Retriv and Text Mining\project\data\PMC11921172.xml,80,What is the significance of mismatch repair deficiency in stage IV colon cancer?,Journal of Gastrointestinal Oncology,2025,762,35,0,0,https://www.ncbi.nlm.nih.gov/pmc/articles/PMC11921172/,0,editorial,0,0
PMC11921217,C:\Users\miked\Desktop2\RIT Info Retriv and Text Mining\project\data\PMC11921217.xml,151,Determining the optimal number of examined lymph nodes for prognosis in colon cancer: a population-based study stratified by tumor location and T stage,Journal of Gastrointestinal Oncology,2025,4591,162,0,0,https://www.ncbi.nlm.nih.gov/pmc/articles/PMC11921217/,1,,0,0
PMC11923312,C:\Users\miked\Desktop2\RIT Info Retriv and Text Mining\project\data\PMC11923312.xml,102,Influence of the lncRNA SLC9A3-AS1 on colon cancer and the biological activities of colon cancer cells,Discover Oncology,2025,3505,182,0,0,https://www.ncbi.nlm.nih.gov/pmc/articles/PMC11923312/,1,,0,0
PMC11924089,C:\Users\miked\Desktop2\RIT Info Retriv and Text Mining\project\data\PMC11924089.xml,144,Retraction notice: “MicroRNA-19b Downregulates NR3C1 and Enhances Oxaliplatin Chemoresistance in Colon Cancer via the PI3K/AKT/mTOR Pathway”,Clinical Medicine Insights. Oncology,2025,227,12,0,0,https://www.ncbi.nlm.nih.gov/pmc/articles/PMC11924089/,0,retraction,0,0
PMC11924846,C:\Users\miked\Desktop2\RIT Info Retriv and Text Mining\project\data\PMC11924846.xml,112,Association of the tumor microenvironment collagen score and immunoscore with colon cancer lymph node metastasis,BMC Cancer,2025,4158,229,0,0,https://www.ncbi.nlm.nih.gov/pmc/articles/PMC11924846/,1,,0,0
PMC11926006,C:\Users\miked\Desktop2\RIT Info Retriv and Text Mining\project\data\PMC11926006.xml,129,Prioritization of prognostic biomarkers regulated by calorie restriction in colon cancer through integrated biosignature analysis,Clinical and Experimental Medicine,2025,5124,224,0,0,https://www.ncbi.nlm.nih.gov/pmc/articles/PMC11926006/,1,,0,0
PMC11926462,C:\Users\miked\Desktop2\RIT Info Retriv and Text Mining\project\data\PMC11926462.xml,97,"Artificial Intelligence and Early Detection of Breast, Lung, and Colon Cancer: A Narrative Review",Cureus,2025,7457,343,0,0,https://www.ncbi.nlm.nih.gov/pmc/articles/PMC11926462/,1,,0,0
PMC11928561,C:\Users\miked\Desktop2\RIT Info Retriv and Text Mining\project\data\PMC11928561.xml,103,Integrated multi-omics unveils novel immune signature for predicting prognosis in colon cancer patients,Scientific Reports,2025,6227,332,0,0,https://www.ncbi.nlm.nih.gov/pmc/articles/PMC11928561/,1,,0,0
PMC11928968,C:\Users\miked\Desktop2\RIT Info Retriv and Text Mining\project\data\PMC11928968.xml,153,Impact of tumor and node stages on the efficacy of adjuvant oxaliplatin-based chemotherapy in stage III colon cancer patients: an ACCENT pooled analysis,ESMO Open,2025,4725,148,0,0,https://www.ncbi.nlm.nih.gov/pmc/articles/PMC11928968/,1,,0,0
PMC11929255,C:\Users\miked\Desktop2\RIT Info Retriv and Text Mining\project\data\PMC11929255.xml,135,Proteomic profiling and functional analysis of extracellular vesicles from metastasis-competent circulating tumor cells in colon cancer,Journal of Experimental & Clinical Cancer Research : CR,2025,5084,239,0,0,https://www.ncbi.nlm.nih.gov/pmc/articles/PMC11929255/,0,correction,0,0
PMC11930536,C:\Users\miked\Desktop2\RIT Info Retriv and Text Mining\project\data\PMC11930536.xml,121,Comprehensive bibliometric analysis and perspectives on therapies targeting colon cancer stem cells over a 40-year period,Regenerative Therapy,2025,4635,220,!,0,https://www.ncbi.nlm.nih.gov/pmc/articles/PMC11930536/,1,,1,0
PMC11932503,C:\Users\miked\Desktop2\RIT Info Retriv and Text Mining\project\data\PMC11932503.xml,158,Spotting the clues: cluster of differentiation—a perspective of immune response intertwined with dysautonomia in colon cancer – a prospective cohort study,Journal of Medicine and Life,2025,3492,159,0,0,https://www.ncbi.nlm.nih.gov/pmc/articles/PMC11932503/,1,,0,0
PMC11932909,C:\Users\miked\Desktop2\RIT Info Retriv and Text Mining\project\data\PMC11932909.xml,129,Analysis of the predictive postoperative recurrence performance of three lymph node staging systems in patients with colon cancer,Frontiers in Oncology,2025,4303,162,0,0,https://www.ncbi.nlm.nih.gov/pmc/articles/PMC11932909/,1,,0,0
PMC11933685,C:\Users\miked\Desktop2\RIT Info Retriv and Text Mining\project\data\PMC11933685.xml,108,A protease-cleavable liposome for co-delivery of anti-PD-L1 and doxorubicin for colon cancer therapy in mice,Nature Communications,2025,14332,744,0,0,https://www.ncbi.nlm.nih.gov/pmc/articles/PMC11933685/,1,,0,0
PMC11936195,C:\Users\miked\Desktop2\RIT Info Retriv and Text Mining\project\data\PMC11936195.xml,177,Impact of double-bolus tracking to individualize scan timing of the portal venous phase in preoperative computed tomography colonography angiography for right-sided colon cancer,PLOS One,2025,3865,136,0,0,https://www.ncbi.nlm.nih.gov/pmc/articles/PMC11936195/,1,,0,0
PMC11936760,C:\Users\miked\Desktop2\RIT Info Retriv and Text Mining\project\data\PMC11936760.xml,128,Axillo-Femoral Bypass Followed by Pelvic Exenteration for Locally Advanced Sigmoid Colon Cancer Invading the Common Iliac Artery,Surgical Case Reports,2025,2005,76,0,0,https://www.ncbi.nlm.nih.gov/pmc/articles/PMC11936760/,1,,0,0
PMC11940726,C:\Users\miked\Desktop2\RIT Info Retriv and Text Mining\project\data\PMC11940726.xml,80,Novel Molecular Signatures Selectively Predict Clinical Outcomes in Colon Cancer,Cancers,2025,3778,173,0,0,https://www.ncbi.nlm.nih.gov/pmc/articles/PMC11940726/,1,,0,0
PMC11943528,C:\Users\miked\Desktop2\RIT Info Retriv and Text Mining\project\data\PMC11943528.xml,93,Prognostic Factors of Postoperative Mortality in Patients with Complicated Right Colon Cancer,Life,2025,4110,158,0,0,https://www.ncbi.nlm.nih.gov/pmc/articles/PMC11943528/,1,,0,0
PMC11945962,C:\Users\miked\Desktop2\RIT Info Retriv and Text Mining\project\data\PMC11945962.xml,86,RNA-Binding Motif Protein 22 Induces Apoptosis via c-Myc Pathway in Colon Cancer Cells,Molecules,2025,2531,149,0,0,https://www.ncbi.nlm.nih.gov/pmc/articles/PMC11945962/,1,,0,0
PMC11948094,C:\Users\miked\Desktop2\RIT Info Retriv and Text Mining\project\data\PMC11948094.xml,118,Clinical effect and prognosis of laparoscopic surgery on colon cancer complicated with intestinal obstruction patients,World Journal of Gastrointestinal Surgery,2025,3337,121,0,0,https://www.ncbi.nlm.nih.gov/pmc/articles/PMC11948094/,1,,0,0
PMC11948107,C:\Users\miked\Desktop2\RIT Info Retriv and Text Mining\project\data\PMC11948107.xml,120,Perioperative neurocognitive dysfunction and role of dexmedetomidine in radical colon cancer surgery in elderly patients,World Journal of Gastrointestinal Surgery,2025,2938,117,0,0,https://www.ncbi.nlm.nih.gov/pmc/articles/PMC11948107/,0,editorial,0,0
PMC11949783,C:\Users\miked\Desktop2\RIT Info Retriv and Text Mining\project\data\PMC11949783.xml,103,A case report of HER2-positive descending colon cancer with peritoneal metastasis and literature review,Frontiers in Oncology,2025,3024,146,0,0,https://www.ncbi.nlm.nih.gov/pmc/articles/PMC11949783/,1,,0,0
PMC11950917,C:\Users\miked\Desktop2\RIT Info Retriv and Text Mining\project\data\PMC11950917.xml,145,Analysis of tumor budding as a prognostic factor for recurrence in patients with stage II and III colon cancer. Experience in a tertiary hospital,The Oncologist,2025,3250,124,0,0,https://www.ncbi.nlm.nih.gov/pmc/articles/PMC11950917/,1,,0,0
PMC11956498,C:\Users\miked\Desktop2\RIT Info Retriv and Text Mining\project\data\PMC11956498.xml,92,C1Q+ TPP1+ macrophages promote colon cancer progression through SETD8-driven p53 methylation,Molecular Cancer,2025,12011,551,0,0,https://www.ncbi.nlm.nih.gov/pmc/articles/PMC11956498/,1,,0,0
PMC11958781,C:\Users\miked\Desktop2\RIT Info Retriv and Text Mining\project\data\PMC11958781.xml,157,KLF6-mediated recruitment of the p300 complex enhances H3K23su and cooperatively upregulates SEMA3C with FOSL2 to drive 5-FU resistance in colon cancer cells,Experimental & Molecular Medicine,2025,10121,578,0,0,https://www.ncbi.nlm.nih.gov/pmc/articles/PMC11958781/,1,,0,0
PMC11961567,C:\Users\miked\Desktop2\RIT Info Retriv and Text Mining\project\data\PMC11961567.xml,87,Lymph node yield as a surrogate marker for tumour biology and prognosis in colon cancer,British Journal of Cancer,2025,3531,151,0,0,https://www.ncbi.nlm.nih.gov/pmc/articles/PMC11961567/,1,,0,0
PMC11963392,C:\Users\miked\Desktop2\RIT Info Retriv and Text Mining\project\data\PMC11963392.xml,136,Optimal lymph node yield for long-term survival in elderly patients with right-sided colon cancer: a large population-based cohort study,BMC Cancer,2025,3311,137,0,0,https://www.ncbi.nlm.nih.gov/pmc/articles/PMC11963392/,1,,0,0
PMC11964888,C:\Users\miked\Desktop2\RIT Info Retriv and Text Mining\project\data\PMC11964888.xml,155,Retraction: Procaine inhibits the proliferation and migration of colon cancer cells through inactivation of the ERK/MAPK/FAK pathways by regulation of RhoA,Oncology Research,2025,164,11,0,0,https://www.ncbi.nlm.nih.gov/pmc/articles/PMC11964888/,0,retraction,0,0
PMC11965196,C:\Users\miked\Desktop2\RIT Info Retriv and Text Mining\project\data\PMC11965196.xml,104,Robotic versus laparoscopic colectomy for transverse colon cancer: a systematic review and meta-analysis,International Journal of Colorectal Disease,2025,7386,330,0,0,https://www.ncbi.nlm.nih.gov/pmc/articles/PMC11965196/,1,,0,1
PMC11965415,C:\Users\miked\Desktop2\RIT Info Retriv and Text Mining\project\data\PMC11965415.xml,111,Dual role of p21 in regulating apoptosis and mitotic integrity in response to doxorubicin in colon cancer cells,Cell Death Discovery,2025,3718,179,0,0,https://www.ncbi.nlm.nih.gov/pmc/articles/PMC11965415/,1,,0,0
PMC11966581,C:\Users\miked\Desktop2\RIT Info Retriv and Text Mining\project\data\PMC11966581.xml,105,"Innovative Therapeutic
Approach Targeting Colon Cancer
Stem Cells: Transitional Cold Atmospheric Plasma",ACS Omega,2025,5722,171,0,0,https://www.ncbi.nlm.nih.gov/pmc/articles/PMC11966581/,0,correction,0,0
PMC11968422,C:\Users\miked\Desktop2\RIT Info Retriv and Text Mining\project\data\PMC11968422.xml,93,Targeting tumor-associated macrophages in colon cancer: mechanisms and therapeutic strategies,Frontiers in Immunology,2025,2973,139,0,0,https://www.ncbi.nlm.nih.gov/pmc/articles/PMC11968422/,1,,1,0
PMC11968611,C:\Users\miked\Desktop2\RIT Info Retriv and Text Mining\project\data\PMC11968611.xml,130,Blocking lncRNA NOP14-AS1 overcomes 5-Fu resistance of colon cancer cells by modulating miR-30a-5p-LDHA-glucose metabolism pathway,Discover Oncology,2025,4342,288,0,0,https://www.ncbi.nlm.nih.gov/pmc/articles/PMC11968611/,1,,0,0
PMC11970746,C:\Users\miked\Desktop2\RIT Info Retriv and Text Mining\project\data\PMC11970746.xml,98,Identification of endoplasmic reticulum stress-related genes as prognostic markers in colon cancer,Cancer Biology & Therapy,2025,6352,234,0,0,https://www.ncbi.nlm.nih.gov/pmc/articles/PMC11970746/,1,,0,0
PMC11972028,C:\Users\miked\Desktop2\RIT Info Retriv and Text Mining\project\data\PMC11972028.xml,157,Dietary silymarin supplementation enhances chemotherapy efficacy of capecitabine and irinotecan and mitigates hepatotoxicity in a mouse model of colon cancer,Research in Pharmaceutical Sciences,2025,7271,323,0,0,https://www.ncbi.nlm.nih.gov/pmc/articles/PMC11972028/,1,,1,0
PMC11972922,C:\Users\miked\Desktop2\RIT Info Retriv and Text Mining\project\data\PMC11972922.xml,92,En bloc Right Hemicolectomy with Pancreaticoduodenectomy for Advanced Ascending Colon Cancer,Surgical Case Reports,2025,1945,86,0,0,https://www.ncbi.nlm.nih.gov/pmc/articles/PMC11972922/,1,,0,0
PMC11973367,C:\Users\miked\Desktop2\RIT Info Retriv and Text Mining\project\data\PMC11973367.xml,119,Structural characterization of a polysaccharide from Qi-Gui herb pair and its anti-tumor activity in colon cancer cells,Frontiers in Pharmacology,2025,5270,248,0,0,https://www.ncbi.nlm.nih.gov/pmc/articles/PMC11973367/,1,,1,0
PMC11974218,C:\Users\miked\Desktop2\RIT Info Retriv and Text Mining\project\data\PMC11974218.xml,129,Comparison of side-to-side anastomosis vs. end-to-end anastomosis in NOSES operation for left colon cancer: a retrospective study,BMC Surgery,2025,3223,127,0,0,https://www.ncbi.nlm.nih.gov/pmc/articles/PMC11974218/,1,,0,0
PMC11976776,C:\Users\miked\Desktop2\RIT Info Retriv and Text Mining\project\data\PMC11976776.xml,196,Neoadjuvant Immunotherapy Followed by Surgery Compared with Upfront Surgery Alone in Operable Colon Cancer with Deficient Mismatch Repair: Modeling Oncological Outcomes and Numbers Needed to Treat,Annals of Surgical Oncology,2024,4510,156,0,0,https://www.ncbi.nlm.nih.gov/pmc/articles/PMC11976776/,1,,0,0
PMC11977637,C:\Users\miked\Desktop2\RIT Info Retriv and Text Mining\project\data\PMC11977637.xml,124,Correction to �SPT6 recruits SND1 to co?activate human telomerase reverse transcriptase to promote colon cancer progression�,Molecular Oncology,2025,150,11,0,0,https://www.ncbi.nlm.nih.gov/pmc/articles/PMC11977637/,0,correction,0,0
PMC11978787,C:\Users\miked\Desktop2\RIT Info Retriv and Text Mining\project\data\PMC11978787.xml,185,"Author Correction: Comprehensive analysis of mitochondrial-related gene signature for prognosis, tumor immune microenvironment evaluation, and candidate drug development in colon cancer",Scientific Reports,2025,41,2,0,0,https://www.ncbi.nlm.nih.gov/pmc/articles/PMC11978787/,0,correction,0,0
PMC11980288,C:\Users\miked\Desktop2\RIT Info Retriv and Text Mining\project\data\PMC11980288.xml,147,Correction: Proteomic profiling and functional analysis of extracellular vesicles from metastasis-competent circulating tumor cells in colon cancer,Journal of Experimental & Clinical Cancer Research : CR,2025,300,17,0,0,https://www.ncbi.nlm.nih.gov/pmc/articles/PMC11980288/,0,correction,0,0
PMC11981790,C:\Users\miked\Desktop2\RIT Info Retriv and Text Mining\project\data\PMC11981790.xml,132,MTFR1 phosphorylation-activated adaptive mitochondrial fusion is essential for colon cancer cell survival during glucose deprivation,"Neoplasia (New York, N.Y.)",2025,4793,294,0,0,https://www.ncbi.nlm.nih.gov/pmc/articles/PMC11981790/,1,,0,0
PMC11985577,C:\Users\miked\Desktop2\RIT Info Retriv and Text Mining\project\data\PMC11985577.xml,112,After stent placement in patient with left colon cancer with intestinal obstruction safety and efficacy analysis,Journal of Cancer Research and Clinical Oncology,2025,3066,158,0,0,https://www.ncbi.nlm.nih.gov/pmc/articles/PMC11985577/,1,,0,0
PMC11985627,C:\Users\miked\Desktop2\RIT Info Retriv and Text Mining\project\data\PMC11985627.xml,146,Modulating the tumor microenvironment in a mouse model of colon cancer using a combination of HIF-1α inhibitors and Toll-Like Receptor 7 agonists,Naunyn-Schmiedeberg's Archives of Pharmacology,2024,5953,323,0,0,https://www.ncbi.nlm.nih.gov/pmc/articles/PMC11985627/,1,,0,0
PMC11985993,C:\Users\miked\Desktop2\RIT Info Retriv and Text Mining\project\data\PMC11985993.xml,162,"Mutant p53 upregulates HDAC6 to resist ER stress and facilitates Ku70 deacetylation, which prevents its degradation and mitigates DNA damage in colon cancer cells",Cell Death Discovery,2025,6669,334,0,0,https://www.ncbi.nlm.nih.gov/pmc/articles/PMC11985993/,1,,0,0
PMC11986857,C:\Users\miked\Desktop2\RIT Info Retriv and Text Mining\project\data\PMC11986857.xml,145,MicroRNA-122 overexpression suppresses the colon cancer cell proliferation by downregulating the astrocyte elevated gene-1/metadherin oncoprotein,Annals of Medicine,2025,4974,272,0,0,https://www.ncbi.nlm.nih.gov/pmc/articles/PMC11986857/,1,,0,0
PMC11987457,C:\Users\miked\Desktop2\RIT Info Retriv and Text Mining\project\data\PMC11987457.xml,55,The best anthropometric indices to predict colon cancer,BMC Gastroenterology,2025,3382,182,0,0,https://www.ncbi.nlm.nih.gov/pmc/articles/PMC11987457/,1,,0,0
PMC11988005,C:\Users\miked\Desktop2\RIT Info Retriv and Text Mining\project\data\PMC11988005.xml,87,"The Impact of miRNA Expression on Colon Cancer Severity, Invasiveness, and Localization",Cancers,2025,7307,324,0,0,https://www.ncbi.nlm.nih.gov/pmc/articles/PMC11988005/,1,,0,0
PMC11988287,C:\Users\miked\Desktop2\RIT Info Retriv and Text Mining\project\data\PMC11988287.xml,129,"Psychological Distress and Quality of Life in Patients with Colon Cancer: Predictors, Moderating Effects, and Longitudinal Impact",Healthcare,2025,4547,230,0,0,https://www.ncbi.nlm.nih.gov/pmc/articles/PMC11988287/,1,,0,0
PMC11992224,C:\Users\miked\Desktop2\RIT Info Retriv and Text Mining\project\data\PMC11992224.xml,145,Integrated single cell and bulk RNA sequencing analyses reveal the impact of tryptophan metabolism on prognosis and immunotherapy in colon cancer,Scientific Reports,2025,4494,280,0,0,https://www.ncbi.nlm.nih.gov/pmc/articles/PMC11992224/,1,,0,0
PMC11993775,C:\Users\miked\Desktop2\RIT Info Retriv and Text Mining\project\data\PMC11993775.xml,126,Male-specific lethal 1 (MSL1) promotes Erastin-induced ferroptosis in colon cancer cells by regulating the KCTD12-SLC7A11 axis,Cell Death & Disease,2025,4036,266,0,0,https://www.ncbi.nlm.nih.gov/pmc/articles/PMC11993775/,1,,0,0
PMC11995317,C:\Users\miked\Desktop2\RIT Info Retriv and Text Mining\project\data\PMC11995317.xml,111,Tetramethylpyrazine induces reactive oxygen species-based mitochondria-mediated apoptosis in colon cancer cells,World Journal of Gastrointestinal Oncology,2025,3114,164,0,0,https://www.ncbi.nlm.nih.gov/pmc/articles/PMC11995317/,1,,0,0
PMC11995331,C:\Users\miked\Desktop2\RIT Info Retriv and Text Mining\project\data\PMC11995331.xml,69,Chronic myelogenous leukemia secondary to colon cancer: A case report,World Journal of Gastrointestinal Oncology,2025,2880,138,0,0,https://www.ncbi.nlm.nih.gov/pmc/articles/PMC11995331/,1,,0,0
PMC11995338,C:\Users\miked\Desktop2\RIT Info Retriv and Text Mining\project\data\PMC11995338.xml,121,F-box protein 22: A prognostic biomarker for colon cancer associated with immune infiltration and chemotherapy resistance,World Journal of Gastrointestinal Oncology,2025,5973,203,0,0,https://www.ncbi.nlm.nih.gov/pmc/articles/PMC11995338/,1,,0,0
PMC11998795,C:\Users\miked\Desktop2\RIT Info Retriv and Text Mining\project\data\PMC11998795.xml,81,Pathomics Image Analysis of Tumor Infiltrating Lymphocytes (TILs) in Colon Cancer,Research Square,2025,148,5,0,0,https://www.ncbi.nlm.nih.gov/pmc/articles/PMC11998795/,0,abstract,0,0
PMC11999739,C:\Users\miked\Desktop2\RIT Info Retriv and Text Mining\project\data\PMC11999739.xml,86,A Rare Case of Spermatic Cord Metastasis Following Surgery for Transverse Colon Cancer,Cureus,2025,1190,66,0,0,https://www.ncbi.nlm.nih.gov/pmc/articles/PMC11999739/,1,,0,0
PMC12001560,C:\Users\miked\Desktop2\RIT Info Retriv and Text Mining\project\data\PMC12001560.xml,139,Colon cancer exosome-associated HSP90B1 initiates pre-metastatic niche formation in the liver by polarizing M1 macrophage into M2 phenotype,Biology Direct,2025,4829,224,0,0,https://www.ncbi.nlm.nih.gov/pmc/articles/PMC12001560/,1,,0,0
PMC12003555,C:\Users\miked\Desktop2\RIT Info Retriv and Text Mining\project\data\PMC12003555.xml,90,"Colon Cancer General Knowledge, Attitude and Awareness Channels: A Cross‐Sectional Study",Health Science Reports,2025,5398,205,0,0,https://www.ncbi.nlm.nih.gov/pmc/articles/PMC12003555/,1,,0,0
PMC12004953,C:\Users\miked\Desktop2\RIT Info Retriv and Text Mining\project\data\PMC12004953.xml,103,Cutaneous paraneoplastic presentation of colon cancer in a patient with history of ureterosigmoidostomy,Current Urology,2024,642,39,0,0,https://www.ncbi.nlm.nih.gov/pmc/articles/PMC12004953/,1,,0,0
PMC12006413,C:\Users\miked\Desktop2\RIT Info Retriv and Text Mining\project\data\PMC12006413.xml,76,Hypoxia-induced Wnt5a-secreting fibroblasts promote colon cancer progression,Nature Communications,2025,16809,1110,0,0,https://www.ncbi.nlm.nih.gov/pmc/articles/PMC12006413/,1,,0,0
PMC12009704,C:\Users\miked\Desktop2\RIT Info Retriv and Text Mining\project\data\PMC12009704.xml,100,Immunophenotyping of colon cancer for identification of potential antigens for colon cancer vaccines,Frontiers in Oncology,2025,5933,224,0,0,https://www.ncbi.nlm.nih.gov/pmc/articles/PMC12009704/,1,,0,0
PMC12011795,C:\Users\miked\Desktop2\RIT Info Retriv and Text Mining\project\data\PMC12011795.xml,128,Cancer-associated fibroblasts gene signature: a novel approach to survival prediction and immunotherapy guidance in colon cancer,Frontiers in Immunology,2025,4139,222,0,0,https://www.ncbi.nlm.nih.gov/pmc/articles/PMC12011795/,1,,0,0
PMC12011796,C:\Users\miked\Desktop2\RIT Info Retriv and Text Mining\project\data\PMC12011796.xml,127,"MDM2 inhibitor induces apoptosis in colon cancer cells through activation of the CHOP-DR5 pathway, independent of p53 phenotype",Frontiers in Pharmacology,2025,8387,360,0,0,https://www.ncbi.nlm.nih.gov/pmc/articles/PMC12011796/,1,,0,0
PMC12012972,C:\Users\miked\Desktop2\RIT Info Retriv and Text Mining\project\data\PMC12012972.xml,125,Association of pre-diagnosis plasma proteomic contexture with overall survival of early- and late-stage colon cancer patients,BMC Cancer,2025,4736,192,0,0,https://www.ncbi.nlm.nih.gov/pmc/articles/PMC12012972/,1,,0,0
PMC12016234,C:\Users\miked\Desktop2\RIT Info Retriv and Text Mining\project\data\PMC12016234.xml,97,The expression of PRMT5 is associated with postoperative chemotherapeutic outcome in colon cancer,BMC Cancer,2025,2912,124,0,0,https://www.ncbi.nlm.nih.gov/pmc/articles/PMC12016234/,1,,0,0
PMC12018602,C:\Users\miked\Desktop2\RIT Info Retriv and Text Mining\project\data\PMC12018602.xml,123,Not all colon cancer patients with preoperative hyperinflammatory status are at high risk of muscle loss and poor prognosis,International Journal of Colorectal Disease,2025,4671,132,0,0,https://www.ncbi.nlm.nih.gov/pmc/articles/PMC12018602/,1,,0,0
PMC12019061,C:\Users\miked\Desktop2\RIT Info Retriv and Text Mining\project\data\PMC12019061.xml,119,Comparison of outcomes of laparoscopic-assisted and total laparoscopic right hemicolectomy for right-sided colon cancer,World Journal of Gastrointestinal Surgery,2025,3090,135,0,0,https://www.ncbi.nlm.nih.gov/pmc/articles/PMC12019061/,1,,0,0
PMC12019070,C:\Users\miked\Desktop2\RIT Info Retriv and Text Mining\project\data\PMC12019070.xml,115,Pan-immune-inflammation in colon cancer: A prognostic biomarker and the role of tumor location in personalized care,World Journal of Gastrointestinal Surgery,2025,1758,72,0,0,https://www.ncbi.nlm.nih.gov/pmc/articles/PMC12019070/,0,editorial,0,0
PMC12021845,C:\Users\miked\Desktop2\RIT Info Retriv and Text Mining\project\data\PMC12021845.xml,121,Suppressor effects of carrots on azoxymethane/dextran sulfate sodium-induced colon cancer according to cultivation method,Frontiers in Immunology,2025,8555,325,0,0,https://www.ncbi.nlm.nih.gov/pmc/articles/PMC12021845/,1,,1,0
PMC12022574,C:\Users\miked\Desktop2\RIT Info Retriv and Text Mining\project\data\PMC12022574.xml,154,"Awareness regarding risk factors of colon cancer and practices regarding screening for CRC among population of Aljouf region 2022, Kingdom of Saudi Arabia",Pakistan Journal of Medical Sciences,2025,2406,93,0,0,https://www.ncbi.nlm.nih.gov/pmc/articles/PMC12022574/,1,,0,0
PMC12024579,C:\Users\miked\Desktop2\RIT Info Retriv and Text Mining\project\data\PMC12024579.xml,99,Synthesis and Evaluation of Isosteviol Derivatives: Promising Anticancer Therapies for Colon Cancer,Biomedicines,2025,6598,326,0,0,https://www.ncbi.nlm.nih.gov/pmc/articles/PMC12024579/,1,,0,0
PMC12024726,C:\Users\miked\Desktop2\RIT Info Retriv and Text Mining\project\data\PMC12024726.xml,167,Standardization of a Preclinical Colon Cancer Model in Male and Female BALB/c Mice: Macroscopic and Microscopic Characterization from Pre-Neoplastic to Tumoral Lesions,Biomedicines,2025,5292,191,0,0,https://www.ncbi.nlm.nih.gov/pmc/articles/PMC12024726/,1,,1,0
PMC12024994,C:\Users\miked\Desktop2\RIT Info Retriv and Text Mining\project\data\PMC12024994.xml,94,Indocyanine Green Near-Infrared Fluorescence-Guided Sentinel Lymph Node Biopsy in Colon Cancer,Biomedicines,2025,3400,169,0,0,https://www.ncbi.nlm.nih.gov/pmc/articles/PMC12024994/,1,,0,0
PMC12025066,C:\Users\miked\Desktop2\RIT Info Retriv and Text Mining\project\data\PMC12025066.xml,128,A Planar-Gate Graphene Field-Effect Transistor Integrated Portable Platform for Rapid Detection of Colon Cancer-Derived Exosomes,Biosensors,2025,2924,125,0,0,https://www.ncbi.nlm.nih.gov/pmc/articles/PMC12025066/,1,,0,0
PMC12030112,C:\Users\miked\Desktop2\RIT Info Retriv and Text Mining\project\data\PMC12030112.xml,106,In Vitro Inhibition of Colon Cancer Stem Cells by Natural Polysaccharides Obtained from Wheat Cell Culture,Polymers,2025,7694,340,0,0,https://www.ncbi.nlm.nih.gov/pmc/articles/PMC12030112/,1,,0,0
PMC12030214,C:\Users\miked\Desktop2\RIT Info Retriv and Text Mining\project\data\PMC12030214.xml,205,"Mammea siamensis Flower Extract-Induced Cell Death Apoptosis in HCT116 Colon Cancer Cells via Vacuolar-Type H+-ATPase Inhibition Associated with GSK-3?/?-Catenin, PI3K/Akt/NF-?B, and MAPK Signaling Pathway",Pharmaceuticals,2025,5697,285,0,0,https://www.ncbi.nlm.nih.gov/pmc/articles/PMC12030214/,1,,0,0
PMC12030486,C:\Users\miked\Desktop2\RIT Info Retriv and Text Mining\project\data\PMC12030486.xml,126,Polymer-Functionalized Magnetic Nanoparticles for Targeted Quercetin Delivery: A Potential Strategy for Colon Cancer Treatment,Pharmaceutics,2025,5693,249,0,0,https://www.ncbi.nlm.nih.gov/pmc/articles/PMC12030486/,1,,0,0
PMC12034003,C:\Users\miked\Desktop2\RIT Info Retriv and Text Mining\project\data\PMC12034003.xml,109,Death domain-associated protein (Daxx) impairs colon cancer chemotherapy by inhibiting the cGAS-STING pathway,Oncology Research,2025,4493,216,0,0,https://www.ncbi.nlm.nih.gov/pmc/articles/PMC12034003/,1,,0,0
PMC12037274,C:\Users\miked\Desktop2\RIT Info Retriv and Text Mining\project\data\PMC12037274.xml,157,Adjuvant hyperthermic intraperitoneal chemotherapy in patients with colon cancer at high risk of peritoneal metastases: individual patient data meta-analysis,The British Journal of Surgery,2025,4338,188,0,0,https://www.ncbi.nlm.nih.gov/pmc/articles/PMC12037274/,1,,0,0
PMC12037768,C:\Users\miked\Desktop2\RIT Info Retriv and Text Mining\project\data\PMC12037768.xml,136,Comprehensive bioinformatics analysis was used to identify and verify differentially expressed genes in targeted therapy of colon cancer,Scientific Reports,2025,4795,234,0,0,https://www.ncbi.nlm.nih.gov/pmc/articles/PMC12037768/,1,,0,0
PMC12040382,C:\Users\miked\Desktop2\RIT Info Retriv and Text Mining\project\data\PMC12040382.xml,131,The Degree of Extramural Spread of T3 Colon Cancer as a Prognostic Factor: Another Appeal to the American Joint Committee on Cancer,Cancer Medicine,2025,4328,153,0,0,https://www.ncbi.nlm.nih.gov/pmc/articles/PMC12040382/,1,,0,0
PMC12040709,C:\Users\miked\Desktop2\RIT Info Retriv and Text Mining\project\data\PMC12040709.xml,175,Successful Treatment of Locally Advanced Microsatellite Instability-High Ascending Colon Cancer Using an Immune Checkpoint Inhibitor without Extensive Resection: A Case Report,Surgical Case Reports,2025,2698,141,0,0,https://www.ncbi.nlm.nih.gov/pmc/articles/PMC12040709/,1,,0,0
PMC12040807,C:\Users\miked\Desktop2\RIT Info Retriv and Text Mining\project\data\PMC12040807.xml,149,Increased protein expression of interleukin-10 and its signalling molecules in colon cancer progression: potential prognostic and therapeutic targets,Discover Oncology,2025,6905,239,0,0,https://www.ncbi.nlm.nih.gov/pmc/articles/PMC12040807/,1,,0,0
PMC12041969,C:\Users\miked\Desktop2\RIT Info Retriv and Text Mining\project\data\PMC12041969.xml,132,End‐to‐end Anastomosis With ECHELON ENDOPATH™ Staple Line Reinforcement for Right‐sided Colon Cancer: Safety and Feasibility,In Vivo,2025,1950,116,0,0,https://www.ncbi.nlm.nih.gov/pmc/articles/PMC12041969/,1,,0,0
PMC12041975,C:\Users\miked\Desktop2\RIT Info Retriv and Text Mining\project\data\PMC12041975.xml,157,The Feasibility of Common Enterotomy Closure Using Bidirectional Barbed Sutures in Intracorporeal Overlap Anastomosis During Robotic Surgery for Colon Cancer,In Vivo,2025,1930,98,0,0,https://www.ncbi.nlm.nih.gov/pmc/articles/PMC12041975/,1,,0,0
PMC12043457,C:\Users\miked\Desktop2\RIT Info Retriv and Text Mining\project\data\PMC12043457.xml,151,Development and validation of a prognostic model for post-surgical overall survival in Asian colon cancer patients: a real-world population-based study,Frontiers in Oncology,2025,4283,159,0,0,https://www.ncbi.nlm.nih.gov/pmc/articles/PMC12043457/,1,,0,0
PMC12046065,C:\Users\miked\Desktop2\RIT Info Retriv and Text Mining\project\data\PMC12046065.xml,139,Correction to “ARID1A Downregulation Promotes Cell Proliferation and Migration of Colon Cancer via VIM Activation and CDH1 Suppression”,Journal of Cellular and Molecular Medicine,2025,135,6,0,0,https://www.ncbi.nlm.nih.gov/pmc/articles/PMC12046065/,0,correction,0,0
PMC12049163,C:\Users\miked\Desktop2\RIT Info Retriv and Text Mining\project\data\PMC12049163.xml,73,Torsion of Metastatic Ovarian Tumor Originating From Sigmoid Colon Cancer,Cureus,2025,2358,109,0,0,https://www.ncbi.nlm.nih.gov/pmc/articles/PMC12049163/,1,,0,0
PMC12052224,C:\Users\miked\Desktop2\RIT Info Retriv and Text Mining\project\data\PMC12052224.xml,115,Risk and pattern analysis of distant metastases in colon cancer: protocol for a systematic review and meta-analysis,International Journal of Surgery Protocols,2024,2437,121,0,0,https://www.ncbi.nlm.nih.gov/pmc/articles/PMC12052224/,1,,0,0
PMC12052721,C:\Users\miked\Desktop2\RIT Info Retriv and Text Mining\project\data\PMC12052721.xml,166,Adjuvant Chemotherapy Does Not Compensate for an Inadequate Right Colon Cancer Surgery: High Peritoneal Recurrence Rates Indicate Need for Altered Treatment Paradigms,Indian Journal of Surgical Oncology,2024,2780,125,0,0,https://www.ncbi.nlm.nih.gov/pmc/articles/PMC12052721/,1,,0,0
PMC12052791,C:\Users\miked\Desktop2\RIT Info Retriv and Text Mining\project\data\PMC12052791.xml,182,Pathological complete response after monotherapy with immune checkpoint inhibitors for bifocal colon cancer in a patient with lynch syndrome and situs inversus totalis: a case report,Frontiers in Immunology,2025,2965,131,0,0,https://www.ncbi.nlm.nih.gov/pmc/articles/PMC12052791/,1,,0,0
PMC12053069,C:\Users\miked\Desktop2\RIT Info Retriv and Text Mining\project\data\PMC12053069.xml,109,Impact of D3 lymph node dissection on short-term and long-term outcomes in elderly patients with colon cancer,Techniques in Coloproctology,2025,4058,142,0,0,https://www.ncbi.nlm.nih.gov/pmc/articles/PMC12053069/,1,,0,0
PMC12054978,C:\Users\miked\Desktop2\RIT Info Retriv and Text Mining\project\data\PMC12054978.xml,177,Combined Analyses of Circulating Tumor DNA and Immunoscore in Patients With Stage III Colon Cancer: A Post Hoc Analysis of the PRODIGE-GERCOR IDEA-France/HORG-IDEA-Greece Trials,Journal of Clinical Oncology,2025,4628,137,0,0,https://www.ncbi.nlm.nih.gov/pmc/articles/PMC12054978/,1,,0,0
PMC12056169,C:\Users\miked\Desktop2\RIT Info Retriv and Text Mining\project\data\PMC12056169.xml,88,"The interplay between COX-2, chemotherapeutic drugs, and chemoresistance in colon cancer",Scientific Reports,2025,3161,144,0,0,https://www.ncbi.nlm.nih.gov/pmc/articles/PMC12056169/,1,,0,0
PMC12056792,C:\Users\miked\Desktop2\RIT Info Retriv and Text Mining\project\data\PMC12056792.xml,135,A novel exploration of COL11A1's role in regulating myeloid-derived suppressor cell activation within the colon cancer microenvironment,Journal of Pharmaceutical Analysis,2025,9589,539,0,0,https://www.ncbi.nlm.nih.gov/pmc/articles/PMC12056792/,1,,0,0
PMC12061150,C:\Users\miked\Desktop2\RIT Info Retriv and Text Mining\project\data\PMC12061150.xml,94,Is laccase from medicinal mushroom Cerrena unicolor cytotoxic to colon cancer cell line CT-26?,PLOS One,2025,6575,316,0,0,https://www.ncbi.nlm.nih.gov/pmc/articles/PMC12061150/,1,,0,0
PMC12061511,C:\Users\miked\Desktop2\RIT Info Retriv and Text Mining\project\data\PMC12061511.xml,124,Rare Case of Additional Ileocecal Resection for Ascending Colon Cancer with R1 Resection due to Advanced Perineural Invasion,Surgical Case Reports,2025,2181,114,0,0,https://www.ncbi.nlm.nih.gov/pmc/articles/PMC12061511/,1,,0,0
PMC12062125,C:\Users\miked\Desktop2\RIT Info Retriv and Text Mining\project\data\PMC12062125.xml,102,Overexpression of MMP14 is associated with poor prognosis and immune cell infiltration in colon cancer,Frontiers in Oncology,2025,6750,274,0,0,https://www.ncbi.nlm.nih.gov/pmc/articles/PMC12062125/,1,,0,0
PMC12063464,C:\Users\miked\Desktop2\RIT Info Retriv and Text Mining\project\data\PMC12063464.xml,154,Predicting the risk of lymph node metastasis in colon cancer: development and validation of an online dynamic nomogram based on multiple preoperative data,BMC Gastroenterology,2025,4550,205,0,0,https://www.ncbi.nlm.nih.gov/pmc/articles/PMC12063464/,1,,0,0
PMC12064715,C:\Users\miked\Desktop2\RIT Info Retriv and Text Mining\project\data\PMC12064715.xml,65,Nanoemulsification of PTX and BEZ235 inhibits colon cancer growth,Scientific Reports,2025,4246,175,0,0,https://www.ncbi.nlm.nih.gov/pmc/articles/PMC12064715/,1,,0,0
PMC12066877,C:\Users\miked\Desktop2\RIT Info Retriv and Text Mining\project\data\PMC12066877.xml,108,Assessment of Knowledge and Barriers to Colon Cancer Screening Among the General Public in the Qassim Region,Cureus,2025,4725,171,0,0,https://www.ncbi.nlm.nih.gov/pmc/articles/PMC12066877/,1,,0,0
PMC12068326,C:\Users\miked\Desktop2\RIT Info Retriv and Text Mining\project\data\PMC12068326.xml,125,"Increased MLH1, MGMT, and p16INK4a methylation levels in colon mucosa potentially useful as early risk marker of colon cancer",Molecular & Cellular Oncology,2025,6981,292,0,0,https://www.ncbi.nlm.nih.gov/pmc/articles/PMC12068326/,1,,0,0
PMC12069760,C:\Users\miked\Desktop2\RIT Info Retriv and Text Mining\project\data\PMC12069760.xml,96,Synergistic effects of Aurora A and AKT inhibitors combined with radiation in colon cancer cells,Discover Oncology,2025,2439,114,0,0,https://www.ncbi.nlm.nih.gov/pmc/articles/PMC12069760/,1,,0,0
PMC12070443,C:\Users\miked\Desktop2\RIT Info Retriv and Text Mining\project\data\PMC12070443.xml,152,Retrospective Studies with Small Sample Size are Still Dominating Colon Cancer Research: Local Recurrence in Right Sided Colon Cancer as a Case in Point,The Turkish Journal of Gastroenterology,2025,611,28,0,0,https://www.ncbi.nlm.nih.gov/pmc/articles/PMC12070443/,0,editorial,0,0
PMC12070948,C:\Users\miked\Desktop2\RIT Info Retriv and Text Mining\project\data\PMC12070948.xml,121,The Outcome of Colonoscopy-Assisted Laparoscopic Wedge Resections (CAL-WR) for Colon Cancer: A Retrospective Cohort Study,Cancers,2025,3683,187,0,0,https://www.ncbi.nlm.nih.gov/pmc/articles/PMC12070948/,1,,0,0
PMC12075585,C:\Users\miked\Desktop2\RIT Info Retriv and Text Mining\project\data\PMC12075585.xml,141,Development and validation of a cancer-associated fibroblast gene signature-based model for predicting immunotherapy response in colon cancer,Scientific Reports,2025,5546,290,0,0,https://www.ncbi.nlm.nih.gov/pmc/articles/PMC12075585/,1,,0,0
PMC12075841,C:\Users\miked\Desktop2\RIT Info Retriv and Text Mining\project\data\PMC12075841.xml,115,O-GlcNAcylation of NONO regulates paraspeckle component assembly and contributes to colon cancer cell proliferation,Cell Death Discovery,2025,6892,358,0,0,https://www.ncbi.nlm.nih.gov/pmc/articles/PMC12075841/,1,,0,0
PMC12078812,C:\Users\miked\Desktop2\RIT Info Retriv and Text Mining\project\data\PMC12078812.xml,117,Lacticaseibacillus casei 393 modulates KRAS and APC expression and cytokine levels in colitis-associated colon cancer,Journal of Gastrointestinal Oncology,2025,4705,204,0,0,https://www.ncbi.nlm.nih.gov/pmc/articles/PMC12078812/,1,,1,0
PMC12078838,C:\Users\miked\Desktop2\RIT Info Retriv and Text Mining\project\data\PMC12078838.xml,144,Prognostic role of tertiary lymphatic structures and their modulation by adjuvant FOLFOX in stage III colon cancer: a retrospective cohort study,Journal of Gastrointestinal Oncology,2025,6341,269,0,0,https://www.ncbi.nlm.nih.gov/pmc/articles/PMC12078838/,1,,0,0
PMC12079253,C:\Users\miked\Desktop2\RIT Info Retriv and Text Mining\project\data\PMC12079253.xml,133,"Synergistic Inhibition of Colon Cancer Cell Proliferation via p53, Bax, and Bcl-2 Modulation by Curcumin and Plumbagin Combination",ACS Omega,2025,5988,201,0,0,https://www.ncbi.nlm.nih.gov/pmc/articles/PMC12079253/,1,,0,0
PMC12079612,C:\Users\miked\Desktop2\RIT Info Retriv and Text Mining\project\data\PMC12079612.xml,147,Development and validation of predictive nomograms for survival in early-onset colon cancer patients with II–III stage across various tumor sites,Translational Cancer Research,2025,5048,210,0,0,https://www.ncbi.nlm.nih.gov/pmc/articles/PMC12079612/,1,,0,0
PMC12080196,C:\Users\miked\Desktop2\RIT Info Retriv and Text Mining\project\data\PMC12080196.xml,148,Impact of body mass index as a continuous variable on short‐ and long‐term outcomes in patients undergoing laparoscopic surgery for colon cancer,Annals of Gastroenterological Surgery,2025,3937,172,0,0,https://www.ncbi.nlm.nih.gov/pmc/articles/PMC12080196/,1,,0,0
PMC12081068,C:\Users\miked\Desktop2\RIT Info Retriv and Text Mining\project\data\PMC12081068.xml,139,Natural Orifice Specimen Extraction for Right-Sided Colon Cancer: A Systematic Review and Meta-Analysis of Propensity Score-Matched Studies,Cureus,2025,4168,163,0,0,https://www.ncbi.nlm.nih.gov/pmc/articles/PMC12081068/,1,,0,0
PMC12081795,C:\Users\miked\Desktop2\RIT Info Retriv and Text Mining\project\data\PMC12081795.xml,146,Deciphering the role of acetylation-related gene NAT10 in colon cancer progression and immune evasion: implications for overcoming drug resistance,Discover Oncology,2025,5824,332,0,0,https://www.ncbi.nlm.nih.gov/pmc/articles/PMC12081795/,1,,0,0
PMC12082408,C:\Users\miked\Desktop2\RIT Info Retriv and Text Mining\project\data\PMC12082408.xml,152,F-18 FDG PET/CT based Preoperative Machine Learning Prediction Models for Evaluating Regional Lymph Node Metastasis Status of Patients with Colon Cancer,Asian Pacific Journal of Cancer Prevention : APJCP,2025,2449,110,0,0,https://www.ncbi.nlm.nih.gov/pmc/articles/PMC12082408/,1,,0,0
PMC12082942,C:\Users\miked\Desktop2\RIT Info Retriv and Text Mining\project\data\PMC12082942.xml,91,TreatmENT of AnastomotiC LeakagE after colon cancer resection: the TENTACLE – Colon study,BMC Surgery,2025,3609,149,0,0,https://www.ncbi.nlm.nih.gov/pmc/articles/PMC12082942/,1,,0,0
PMC12084023,C:\Users\miked\Desktop2\RIT Info Retriv and Text Mining\project\data\PMC12084023.xml,156,Prognostic Models From Transcriptomic Signatures of the Tumor Microenvironment and Cell Cycle in Stage III Colon Cancer From PETACC-8 and IDEA-France Trials,Journal of Clinical Oncology,2025,4648,127,0,0,https://www.ncbi.nlm.nih.gov/pmc/articles/PMC12084023/,1,,0,0
PMC12084449,C:\Users\miked\Desktop2\RIT Info Retriv and Text Mining\project\data\PMC12084449.xml,171,Deciphering the interaction between the expression of LRP2 served as a mitochondrial metabolism-related gene and prognosis in colon cancer integrating multi-omics analysis,Discover Oncology,2025,5882,268,0,0,https://www.ncbi.nlm.nih.gov/pmc/articles/PMC12084449/,1,,0,0
PMC12086106,C:\Users\miked\Desktop2\RIT Info Retriv and Text Mining\project\data\PMC12086106.xml,156,Surgical stress response and long-term survival in robot-assisted versus laparoscopic surgery for colon cancer: a propensity matched nationwide cohort study,Techniques in Coloproctology,2025,3178,101,0,0,https://www.ncbi.nlm.nih.gov/pmc/articles/PMC12086106/,1,,0,1
PMC12088823,C:\Users\miked\Desktop2\RIT Info Retriv and Text Mining\project\data\PMC12088823.xml,133,Identification and external validation of tumor DNA methylation panel for the recurrence risk stratification of stage II colon cancer,Translational Oncology,2025,4777,197,0,0,https://www.ncbi.nlm.nih.gov/pmc/articles/PMC12088823/,1,,0,0
PMC12089513,C:\Users\miked\Desktop2\RIT Info Retriv and Text Mining\project\data\PMC12089513.xml,113,Focusing on DC cells to optimize the prediction of prognosis and innovative treatment strategies for colon cancer,Scientific Reports,2025,5927,332,0,0,https://www.ncbi.nlm.nih.gov/pmc/articles/PMC12089513/,1,,0,0
PMC12090783,C:\Users\miked\Desktop2\RIT Info Retriv and Text Mining\project\data\PMC12090783.xml,99,Temporal network analysis of gut microbiota unveils aging trajectories associated with colon cancer,mSystems,2025,4750,230,0,0,https://www.ncbi.nlm.nih.gov/pmc/articles/PMC12090783/,1,,1,0
PMC12091647,C:\Users\miked\Desktop2\RIT Info Retriv and Text Mining\project\data\PMC12091647.xml,113,The predictive value of non-enhanced CT radiomics in differentiating early and advanced T-staging of colon cancer,Medicine,2025,3507,186,0,0,https://www.ncbi.nlm.nih.gov/pmc/articles/PMC12091647/,1,,0,0
PMC12092877,C:\Users\miked\Desktop2\RIT Info Retriv and Text Mining\project\data\PMC12092877.xml,90,SUMOylation-regulated genes in colon cancer: expression patterns and clinical implications,Discover Oncology,2025,3729,207,0,0,https://www.ncbi.nlm.nih.gov/pmc/articles/PMC12092877/,1,,0,0
PMC12095478,C:\Users\miked\Desktop2\RIT Info Retriv and Text Mining\project\data\PMC12095478.xml,124,CDX1 and CDX2 suppress colon cancer stemness by inhibiting β-catenin-facilitated formation of Pol II–DSIF–PAF1C complex,Cell Death & Disease,2025,5692,366,0,0,https://www.ncbi.nlm.nih.gov/pmc/articles/PMC12095478/,1,,0,0
PMC12096239,C:\Users\miked\Desktop2\RIT Info Retriv and Text Mining\project\data\PMC12096239.xml,125,"Correction to “Innovative
Therapeutic Approach
Targeting Colon Cancer Stem Cells: Transitional Cold Atmospheric Plasma”",ACS Omega,2025,38,3,0,0,https://www.ncbi.nlm.nih.gov/pmc/articles/PMC12096239/,0,correction,0,0
PMC12096955,C:\Users\miked\Desktop2\RIT Info Retriv and Text Mining\project\data\PMC12096955.xml,103,Integrative metabolome and transcriptome analyses provide insights into PHGDH in colon cancer organoids,Bioscience Reports,2025,4399,221,0,0,https://www.ncbi.nlm.nih.gov/pmc/articles/PMC12096955/,1,,0,0
PMC12097124,C:\Users\miked\Desktop2\RIT Info Retriv and Text Mining\project\data\PMC12097124.xml,128,The Novel Dual GIP and GLP‐1 Receptor Agonist Tirzepatide Attenuates Colon Cancer Development by Regulating Glucose Metabolism,Advanced Science,2025,7325,346,0,0,https://www.ncbi.nlm.nih.gov/pmc/articles/PMC12097124/,1,,0,0
PMC12098228,C:\Users\miked\Desktop2\RIT Info Retriv and Text Mining\project\data\PMC12098228.xml,100,Advances in the role of baicalin and baicalein in colon cancer: mechanisms and therapeutic potential,Discover Oncology,2025,2999,151,0,0,https://www.ncbi.nlm.nih.gov/pmc/articles/PMC12098228/,1,,0,0
PMC12106795,C:\Users\miked\Desktop2\RIT Info Retriv and Text Mining\project\data\PMC12106795.xml,116,Spike-in enhanced phosphoproteomics uncovers synergistic signaling responses to MEK inhibition in colon cancer cells,Nature Communications,2025,9572,503,0,0,https://www.ncbi.nlm.nih.gov/pmc/articles/PMC12106795/,1,,0,0
PMC12109564,C:\Users\miked\Desktop2\RIT Info Retriv and Text Mining\project\data\PMC12109564.xml,176,Differential Effects of Rutin and Its Aglycone Quercetin on Cytotoxicity and Chemosensitization of HCT 116 Colon Cancer Cells to Anticancer Drugs 5-Fluorouracil and Doxorubicin,Biology,2025,4176,202,0,0,https://www.ncbi.nlm.nih.gov/pmc/articles/PMC12109564/,1,,0,0
PMC12110114,C:\Users\miked\Desktop2\RIT Info Retriv and Text Mining\project\data\PMC12110114.xml,104,Predictors of Colon Cancer Screening Among the Saudi Population at Primary Healthcare Settings in Riyadh,Current Oncology,2025,4257,208,0,0,https://www.ncbi.nlm.nih.gov/pmc/articles/PMC12110114/,1,,0,0
PMC12111325,C:\Users\miked\Desktop2\RIT Info Retriv and Text Mining\project\data\PMC12111325.xml,131,Food Iminosugars and Related Synthetic Derivatives Shift Energy Metabolism and Induce Structural Changes in Colon Cancer Cell Lines,Foods,2025,5649,246,0,0,https://www.ncbi.nlm.nih.gov/pmc/articles/PMC12111325/,1,,0,0
PMC12111866,C:\Users\miked\Desktop2\RIT Info Retriv and Text Mining\project\data\PMC12111866.xml,61,Evaluating the Chemical Composition and Antitumor Activity of,International Journal of Molecular Sciences,2025,5248,253,0,0,https://www.ncbi.nlm.nih.gov/pmc/articles/PMC12111866/,1,,0,0
PMC12112602,C:\Users\miked\Desktop2\RIT Info Retriv and Text Mining\project\data\PMC12112602.xml,140,Alterations in Body Composition Lead to Changes in Postoperative Outcome and Oncologic Survival in Patients with Non-Metastatic Colon Cancer,Journal of Clinical Medicine,2025,2402,124,0,0,https://www.ncbi.nlm.nih.gov/pmc/articles/PMC12112602/,1,,0,0
PMC12112734,C:\Users\miked\Desktop2\RIT Info Retriv and Text Mining\project\data\PMC12112734.xml,120,Mechanism of Curcumol Targeting the OTUB1/TGFBI Ubiquitination Pathway in the Inhibition of Angiogenesis in Colon Cancer,International Journal of Molecular Sciences,2025,5768,270,0,0,https://www.ncbi.nlm.nih.gov/pmc/articles/PMC12112734/,1,,0,0
PMC12116443,C:\Users\miked\Desktop2\RIT Info Retriv and Text Mining\project\data\PMC12116443.xml,112,"Rare comorbidity of colon cancer, hepatic malignant mesothelioma, and abdominal Ewing’s sarcoma: a case report",Frontiers in Oncology,2025,2276,92,0,0,https://www.ncbi.nlm.nih.gov/pmc/articles/PMC12116443/,1,,0,0
PMC12116639,C:\Users\miked\Desktop2\RIT Info Retriv and Text Mining\project\data\PMC12116639.xml,77,CD44 knockdown alters miRNA expression and their target genes in colon cancer,Frontiers in Immunology,2025,4357,206,0,0,https://www.ncbi.nlm.nih.gov/pmc/articles/PMC12116639/,1,,0,0
PMC12120238,C:\Users\miked\Desktop2\RIT Info Retriv and Text Mining\project\data\PMC12120238.xml,83,Unresectable Ulcerative Colitis Associated Colon Cancer in a Young Japanese Patient,Internal Medicine,2024,2471,115,0,0,https://www.ncbi.nlm.nih.gov/pmc/articles/PMC12120238/,1,,0,0
PMC12120410,C:\Users\miked\Desktop2\RIT Info Retriv and Text Mining\project\data\PMC12120410.xml,154,"Alterations of metabolites related to microbiota–gut–brain axis in plasma of colon cancer, esophageal cancer, stomach cancer, and lung cancer patients",Open Life Sciences,2025,5607,214,0,0,https://www.ncbi.nlm.nih.gov/pmc/articles/PMC12120410/,1,,1,0
PMC12121463,C:\Users\miked\Desktop2\RIT Info Retriv and Text Mining\project\data\PMC12121463.xml,111,Robot‐Assisted Colectomy for Left‐Sided Colon Cancer: Comparison of da Vinci SP and Single‐Site Platforms,The International Journal of Medical Robotics + Computer Assisted Surgery,2025,4224,159,0,0,https://www.ncbi.nlm.nih.gov/pmc/articles/PMC12121463/,1,,0,1
PMC12121622,C:\Users\miked\Desktop2\RIT Info Retriv and Text Mining\project\data\PMC12121622.xml,133,Zero-inflated models for the evaluation of colorectal polyps in colon cancer screening studies—a value-based biostatistics practice,PeerJ,2025,9598,276,0,0,https://www.ncbi.nlm.nih.gov/pmc/articles/PMC12121622/,1,,0,0
PMC12125224,C:\Users\miked\Desktop2\RIT Info Retriv and Text Mining\project\data\PMC12125224.xml,75,FGFR4 promotes CAF activation through the CXCL10-CXCR3 axis in colon cancer,Cell Death & Disease,2025,5760,314,0,0,https://www.ncbi.nlm.nih.gov/pmc/articles/PMC12125224/,1,,0,0
PMC12126244,C:\Users\miked\Desktop2\RIT Info Retriv and Text Mining\project\data\PMC12126244.xml,96,SOX9 suppresses colon cancer via inhibiting epithelial-mesenchymal transition and SOX2 induction,The Journal of Clinical Investigation,2025,8106,294,0,0,https://www.ncbi.nlm.nih.gov/pmc/articles/PMC12126244/,1,,0,0
PMC12127251,C:\Users\miked\Desktop2\RIT Info Retriv and Text Mining\project\data\PMC12127251.xml,125,"CB5712809, a novel Keap1 inhibitor upregulates SQSTM1/p62 mediated Nrf2 activation to induce cell death in colon cancer cells",Discover Oncology,2025,5101,259,0,0,https://www.ncbi.nlm.nih.gov/pmc/articles/PMC12127251/,1,,0,0
PMC12129525,C:\Users\miked\Desktop2\RIT Info Retriv and Text Mining\project\data\PMC12129525.xml,101,Colon cancer underwent surgical resection after chemotherapy combined with immunotherapy: Case report,Medicine,2025,943,55,0,0,https://www.ncbi.nlm.nih.gov/pmc/articles/PMC12129525/,1,,0,0
PMC12131159,C:\Users\miked\Desktop2\RIT Info Retriv and Text Mining\project\data\PMC12131159.xml,195,"Effect of transverse versus midline periumbilical incision on incisional hernia and short-term outcomes after laparoscopic colon cancer surgery: multicentre, open-label, randomized clinical trial",BJS Open,2025,4615,171,0,0,https://www.ncbi.nlm.nih.gov/pmc/articles/PMC12131159/,1,,0,0
PMC12131300,C:\Users\miked\Desktop2\RIT Info Retriv and Text Mining\project\data\PMC12131300.xml,130,[Corrigendum] Smoothened antagonist GDC-0449 (Vismodegib) inhibits proliferation and triggers apoptosis in colon cancer cell lines,Experimental and Therapeutic Medicine,2025,242,10,0,0,https://www.ncbi.nlm.nih.gov/pmc/articles/PMC12131300/,0,correction,0,0
PMC12135303,C:\Users\miked\Desktop2\RIT Info Retriv and Text Mining\project\data\PMC12135303.xml,111,ENTR1 affects the progression of colon cancer by regulating energy metabolism under the influence of glycolysis,BMC Cancer,2025,7534,401,0,0,https://www.ncbi.nlm.nih.gov/pmc/articles/PMC12135303/,1,,0,0
PMC12137485,C:\Users\miked\Desktop2\RIT Info Retriv and Text Mining\project\data\PMC12137485.xml,163,An evaluation of the effectiveness and safety of endoscopic colon stenting in the treatment of obstructive left colon cancer: a systematic review and meta-analysis,Langenbeck's Archives of Surgery,2025,2995,120,0,0,https://www.ncbi.nlm.nih.gov/pmc/articles/PMC12137485/,1,,0,0
PMC12139840,C:\Users\miked\Desktop2\RIT Info Retriv and Text Mining\project\data\PMC12139840.xml,97,PIWIL2 downregulation in colon cancer promotes transposon activity and pro-tumorigenic phenotypes,bioRxiv,2025,6591,231,0,0,https://www.ncbi.nlm.nih.gov/pmc/articles/PMC12139840/,1,,0,0
PMC12141383,C:\Users\miked\Desktop2\RIT Info Retriv and Text Mining\project\data\PMC12141383.xml,110,Increased IL- 36γ in visceral adipose tissue as a key mediator of obesity-driven inflammation in colon cancer,"Journal of Molecular Medicine (Berlin, Germany)",2025,5434,208,0,0,https://www.ncbi.nlm.nih.gov/pmc/articles/PMC12141383/,1,,1,0
PMC12142229,C:\Users\miked\Desktop2\RIT Info Retriv and Text Mining\project\data\PMC12142229.xml,120,"Techniques, perioperative outcomes, prognosis, and survival associated with laparoscopic surgery for T3-T4a colon cancer",World Journal of Gastrointestinal Oncology,2025,4025,135,0,0,https://www.ncbi.nlm.nih.gov/pmc/articles/PMC12142229/,1,,0,0
PMC12142259,C:\Users\miked\Desktop2\RIT Info Retriv and Text Mining\project\data\PMC12142259.xml,107,"Simvastatin inhibits proliferation and migration, promotes oxidative stress and ferroptosis in colon cancer",World Journal of Gastrointestinal Oncology,2025,5088,224,0,0,https://www.ncbi.nlm.nih.gov/pmc/articles/PMC12142259/,1,,0,0
PMC12142993,C:\Users\miked\Desktop2\RIT Info Retriv and Text Mining\project\data\PMC12142993.xml,162,Automatic target-seeking nanoparticle inhibiting orthotopic drug-resistant colon cancer and liver metastases via regulating cancer cell adhesion and proliferation,Journal of Nanobiotechnology,2025,9498,486,0,0,https://www.ncbi.nlm.nih.gov/pmc/articles/PMC12142993/,1,,0,0
PMC12143068,C:\Users\miked\Desktop2\RIT Info Retriv and Text Mining\project\data\PMC12143068.xml,148,Explosive tumor growth in a patient with colon cancer is associated with reduced neoantigen levels and decreased interferon-gamma (IFN-γ) signaling,BMC Cancer,2025,6159,355,0,0,https://www.ncbi.nlm.nih.gov/pmc/articles/PMC12143068/,1,,0,0
PMC12144358,C:\Users\miked\Desktop2\RIT Info Retriv and Text Mining\project\data\PMC12144358.xml,169,"A Promising Natural Red Pigment “Prodigiosin” Sensitizes Colon Cancer Cells to Ionizing Radiation, Induces Apoptosis, and Impedes MAPK/TNF-α/NLRP3 Signaling Pathway",Integrative Cancer Therapies,2025,7031,274,0,0,https://www.ncbi.nlm.nih.gov/pmc/articles/PMC12144358/,1,,0,0
PMC12144982,C:\Users\miked\Desktop2\RIT Info Retriv and Text Mining\project\data\PMC12144982.xml,127,Metabolic reprogramming nanomedicine potentiates colon cancer sonodynamic immunotherapy by inhibiting the CD39/CD73/ADO pathway,Acta Pharmaceutica Sinica. B,2025,8815,475,0,0,https://www.ncbi.nlm.nih.gov/pmc/articles/PMC12144982/,1,,0,0
PMC12145102,C:\Users\miked\Desktop2\RIT Info Retriv and Text Mining\project\data\PMC12145102.xml,170,Circulating Levels of the Proinflammatory Monomeric Isoform of C-Reactive Protein (mCRP) Correlate with Intra-Tumoral mCRP Abundance in Stage II-III Colon Cancer Patients,Journal of Inflammation Research,2025,3471,147,0,0,https://www.ncbi.nlm.nih.gov/pmc/articles/PMC12145102/,1,,0,0
PMC12146260,C:\Users\miked\Desktop2\RIT Info Retriv and Text Mining\project\data\PMC12146260.xml,140,An unusual case of isolated brain metastasis with impending brain herniation from sigmoid colon cancer: case report and review of literature,Journal of Surgical Case Reports,2025,1502,72,0,0,https://www.ncbi.nlm.nih.gov/pmc/articles/PMC12146260/,1,,0,0
PMC12149703,C:\Users\miked\Desktop2\RIT Info Retriv and Text Mining\project\data\PMC12149703.xml,100,[Corrigendum] Ginkgolic acid inhibits the invasiveness of colon cancer cells through AMPK activation,Oncology Letters,2025,246,12,0,0,https://www.ncbi.nlm.nih.gov/pmc/articles/PMC12149703/,0,correction,0,0
PMC12150544,C:\Users\miked\Desktop2\RIT Info Retriv and Text Mining\project\data\PMC12150544.xml,131,Health-related quality of life is a significant prognostic factor for recurrence and overall survival in patients with colon cancer,BMC Cancer,2025,2712,94,0,0,https://www.ncbi.nlm.nih.gov/pmc/articles/PMC12150544/,1,,0,0
PMC12150889,C:\Users\miked\Desktop2\RIT Info Retriv and Text Mining\project\data\PMC12150889.xml,109,Effect of Chemotherapy Treatment on Overall Survival of Colon Cancer Patients Using Propensity Score Matching,Cureus,2025,3429,116,0,0,https://www.ncbi.nlm.nih.gov/pmc/articles/PMC12150889/,1,,0,0
PMC12153098,C:\Users\miked\Desktop2\RIT Info Retriv and Text Mining\project\data\PMC12153098.xml,122,A multi-omics exploration of PPARG activation in colon cancer: kinases featuring a PPRE sequence within regulatory regions,Biology Direct,2025,4938,202,0,0,https://www.ncbi.nlm.nih.gov/pmc/articles/PMC12153098/,1,,0,0
PMC12154085,C:\Users\miked\Desktop2\RIT Info Retriv and Text Mining\project\data\PMC12154085.xml,114,Medicinal Mushrooms in Colon Cancer Therapy: Mechanisms of Action of Bioactive Compounds and Therapeutic Potential,International Journal of Molecular Sciences,2025,9190,509,0,0,https://www.ncbi.nlm.nih.gov/pmc/articles/PMC12154085/,1,,0,0
PMC12155590,C:\Users\miked\Desktop2\RIT Info Retriv and Text Mining\project\data\PMC12155590.xml,78,Microbial metabolite ammonia disrupts TGF-β signaling to promote colon cancer,The Journal of Biological Chemistry,2025,5731,295,0,0,https://www.ncbi.nlm.nih.gov/pmc/articles/PMC12155590/,1,,1,0
PMC12157613,C:\Users\miked\Desktop2\RIT Info Retriv and Text Mining\project\data\PMC12157613.xml,212,"Newly Synthesized CoFe2?yPryO4 (y = 0; 0.01; 0.03; 0.05; 0.1; 0.15; 0.2) Nanoparticles Reveal Promising Selective Anticancer Activity Against Melanoma (A375), Breast Cancer (MCF-7), and Colon Cancer (HT-29) Cells",Nanomaterials,2025,7115,259,0,0,https://www.ncbi.nlm.nih.gov/pmc/articles/PMC12157613/,1,,0,0
PMC12158513,C:\Users\miked\Desktop2\RIT Info Retriv and Text Mining\project\data\PMC12158513.xml,86,IL-2 immunotherapy rescues irradiation-induced T cell exhaustion in mouse colon cancer,iScience,2025,6058,219,0,0,https://www.ncbi.nlm.nih.gov/pmc/articles/PMC12158513/,1,,0,0
PMC12158827,C:\Users\miked\Desktop2\RIT Info Retriv and Text Mining\project\data\PMC12158827.xml,175,Correction: Identification of a metabolic-immune signature associated with prognosis in colon cancer and exploration of potential predictive efficacy of immunotherapy response,Clinical and Experimental Medicine,2025,187,2,0,0,https://www.ncbi.nlm.nih.gov/pmc/articles/PMC12158827/,0,correction,0,0
PMC12159123,C:\Users\miked\Desktop2\RIT Info Retriv and Text Mining\project\data\PMC12159123.xml,247,Deep learning neural network prediction of postoperative complications in patients undergoing laparoscopic right hemicolectomy with or without CME and CVL for colon cancer: insights from SICE (Società Italiana di Chirurgia Endoscopica) CoDIG data,Techniques in Coloproctology,2025,3616,145,0,0,https://www.ncbi.nlm.nih.gov/pmc/articles/PMC12159123/,1,,0,0
PMC12159381,C:\Users\miked\Desktop2\RIT Info Retriv and Text Mining\project\data\PMC12159381.xml,78,Liposomal Ficus carica latex and ficin effects on human colon cancer cell line,Journal of the Science of Food and Agriculture,2025,4772,217,0,0,https://www.ncbi.nlm.nih.gov/pmc/articles/PMC12159381/,1,,0,0
PMC12160315,C:\Users\miked\Desktop2\RIT Info Retriv and Text Mining\project\data\PMC12160315.xml,175,"Autophagy-Regulating, Photothermal Polydopamine-Coated, and Photodynamic Zirconium/Porphyrin-Framed Metal–Organic Frameworks for Enhanced Doxorubicin Therapy in Colon Cancer",Biomaterials Research,2025,6151,326,0,0,https://www.ncbi.nlm.nih.gov/pmc/articles/PMC12160315/,1,,0,0
PMC12162298,C:\Users\miked\Desktop2\RIT Info Retriv and Text Mining\project\data\PMC12162298.xml,214,Simultaneous double primary malignant tumors of MSS/pMMR ascending colon cancer and MSI-H/dMMR duodenal cancer with nearly 2 years of recurrence-free survival after MDT-guided comprehensive treatment: a case report,Frontiers in Oncology,2025,4302,186,0,0,https://www.ncbi.nlm.nih.gov/pmc/articles/PMC12162298/,1,,0,0
PMC12163231,C:\Users\miked\Desktop2\RIT Info Retriv and Text Mining\project\data\PMC12163231.xml,101,General practitioner–led vs surgeon-led colon cancer survivorship care: a randomized clinical trial,JNCI Cancer Spectrum,2025,3397,73,0,0,https://www.ncbi.nlm.nih.gov/pmc/articles/PMC12163231/,1,,0,0
PMC12166104,C:\Users\miked\Desktop2\RIT Info Retriv and Text Mining\project\data\PMC12166104.xml,111,Robot-Assisted Ileocecal Resection for Ascending Colon Cancer in a Patient With an Ileal Conduit: A Case Report,Cureus,2025,1996,102,0,0,https://www.ncbi.nlm.nih.gov/pmc/articles/PMC12166104/,1,,0,1
PMC12168339,C:\Users\miked\Desktop2\RIT Info Retriv and Text Mining\project\data\PMC12168339.xml,106,Can serum metabolic signatures inform on the relationship between healthy lifestyle and colon cancer risk?,Cancer & Metabolism,2025,4722,156,0,0,https://www.ncbi.nlm.nih.gov/pmc/articles/PMC12168339/,1,,0,0
PMC12169911,C:\Users\miked\Desktop2\RIT Info Retriv and Text Mining\project\data\PMC12169911.xml,125,Immune Checkpoint Inhibitors for Microsatellite Instability High Unresectable Obstructive Colon Cancer: A Report of Two Cases,Surgical Case Reports,2025,2220,105,0,0,https://www.ncbi.nlm.nih.gov/pmc/articles/PMC12169911/,1,,1,0
PMC12170140,C:\Users\miked\Desktop2\RIT Info Retriv and Text Mining\project\data\PMC12170140.xml,146,When technology fails: the pivotal role of meticulous clinical reasoning in unmasking an invisible colon cancer mimicking chronic ischemic colitis,Hepatobiliary Surgery and Nutrition,2025,1152,47,0,0,https://www.ncbi.nlm.nih.gov/pmc/articles/PMC12170140/,0,editorial,0,0
PMC12170202,C:\Users\miked\Desktop2\RIT Info Retriv and Text Mining\project\data\PMC12170202.xml,98,CREB3-mediated upregulation of MIR210HG transcription enhances proliferation in colon cancer cells,Translational Cancer Research,2025,3916,180,0,0,https://www.ncbi.nlm.nih.gov/pmc/articles/PMC12170202/,1,,0,0
PMC12170320,C:\Users\miked\Desktop2\RIT Info Retriv and Text Mining\project\data\PMC12170320.xml,108,IGF2BP3 enhances ferroptosis resistance in colon cancer by stabilizing SLC7A11 and is regulated by miR-98-5p,Frontiers in Oncology,2025,5930,266,0,0,https://www.ncbi.nlm.nih.gov/pmc/articles/PMC12170320/,1,,0,0
PMC12174529,C:\Users\miked\Desktop2\RIT Info Retriv and Text Mining\project\data\PMC12174529.xml,90,"Study the Impact of NADPH oxidase1,TNF-alpha and Cyclooxygenase-2 On Colon Cancer Patients",Asian Pacific Journal of Cancer Prevention : APJCP,2025,4783,215,0,0,https://www.ncbi.nlm.nih.gov/pmc/articles/PMC12174529/,1,,0,0
PMC12174633,C:\Users\miked\Desktop2\RIT Info Retriv and Text Mining\project\data\PMC12174633.xml,158,Comparative Evaluation of Complete Mesocolic Excision Versus Conventional Right Hemicolectomy in Right-Sided Colon Cancer: A Retrospective Observational Study,Cureus,2025,3771,152,0,0,https://www.ncbi.nlm.nih.gov/pmc/articles/PMC12174633/,1,,0,0
PMC12175484,C:\Users\miked\Desktop2\RIT Info Retriv and Text Mining\project\data\PMC12175484.xml,85,A Review of the Early Detection of Colon Cancer and the Role of Circulating Tumor DNA,Cureus,2025,2971,143,0,0,https://www.ncbi.nlm.nih.gov/pmc/articles/PMC12175484/,1,,0,0
PMC12175813,C:\Users\miked\Desktop2\RIT Info Retriv and Text Mining\project\data\PMC12175813.xml,179,Predicting disease-free survival following curative-intent resection of right-sided colon cancer using a pre- and post-operative nomogram: a prospective observational cohort study,"International Journal of Surgery (London, England)",2025,3183,144,0,0,https://www.ncbi.nlm.nih.gov/pmc/articles/PMC12175813/,1,,0,0
PMC12177124,C:\Users\miked\Desktop2\RIT Info Retriv and Text Mining\project\data\PMC12177124.xml,161,"Assessing causal associations between TNF-related apoptosis-inducing ligand, vascular endothelial growth factor and colon cancer: a Mendelian-randomization study",Discover Oncology,2025,3698,159,0,0,https://www.ncbi.nlm.nih.gov/pmc/articles/PMC12177124/,1,,0,0
PMC12179861,C:\Users\miked\Desktop2\RIT Info Retriv and Text Mining\project\data\PMC12179861.xml,121,Elevating surgical standards: The role of intraperitoneal isoperistaltic side-to-side anastomosis in colon cancer surgery,World Journal of Gastrointestinal Oncology,2025,997,44,0,0,https://www.ncbi.nlm.nih.gov/pmc/articles/PMC12179861/,0,editorial,0,0
PMC12180383,C:\Users\miked\Desktop2\RIT Info Retriv and Text Mining\project\data\PMC12180383.xml,136,Robotic Surgery for Sigmoid Colon Cancer in a Patient With Severe Obesity and Protocol Proposal of Preoperative Weight Reduction Program,Cureus,2025,1671,69,0,0,https://www.ncbi.nlm.nih.gov/pmc/articles/PMC12180383/,1,,0,1
PMC12180963,C:\Users\miked\Desktop2\RIT Info Retriv and Text Mining\project\data\PMC12180963.xml,120,Combination of AURKA inhibitor and MEK inhibitor strongly enhances G1 arrest and induces synergistic antitumor effect on,Biochemistry and Biophysics Reports,2025,3491,186,0,0,https://www.ncbi.nlm.nih.gov/pmc/articles/PMC12180963/,1,,0,0
